-- MySQL dump 10.13  Distrib 6.0.10-alpha, for Win32 (ia32)
--
-- Host: localhost    Database: banco
-- ------------------------------------------------------
-- Server version	6.0.10-alpha-community

/*!40101 SET @OLD_CHARACTER_SET_CLIENT=@@CHARACTER_SET_CLIENT */;
/*!40101 SET @OLD_CHARACTER_SET_RESULTS=@@CHARACTER_SET_RESULTS */;
/*!40101 SET @OLD_COLLATION_CONNECTION=@@COLLATION_CONNECTION */;
/*!40101 SET NAMES utf8 */;
/*!40103 SET @OLD_TIME_ZONE=@@TIME_ZONE */;
/*!40103 SET TIME_ZONE='+00:00' */;
/*!40014 SET @OLD_UNIQUE_CHECKS=@@UNIQUE_CHECKS, UNIQUE_CHECKS=0 */;
/*!40014 SET @OLD_FOREIGN_KEY_CHECKS=@@FOREIGN_KEY_CHECKS, FOREIGN_KEY_CHECKS=0 */;
/*!40101 SET @OLD_SQL_MODE=@@SQL_MODE, SQL_MODE='NO_AUTO_VALUE_ON_ZERO' */;
/*!40111 SET @OLD_SQL_NOTES=@@SQL_NOTES, SQL_NOTES=0 */;

--
-- Table structure for table `bancos`
--

DROP TABLE IF EXISTS `bancos`;
SET @saved_cs_client     = @@character_set_client;
SET character_set_client = utf8;
CREATE TABLE `bancos` (
  `id_banco` int(11) NOT NULL AUTO_INCREMENT,
  `nom_banco` varchar(100) NOT NULL,
  PRIMARY KEY (`id_banco`)
) ENGINE=InnoDB AUTO_INCREMENT=13 DEFAULT CHARSET=latin1;
SET character_set_client = @saved_cs_client;

--
-- Dumping data for table `bancos`
--

LOCK TABLES `bancos` WRITE;
/*!40000 ALTER TABLE `bancos` DISABLE KEYS */;
INSERT INTO `bancos` VALUES (1,'Banco yo'),(2,'Banco de la republica'),(3,'Banco Bancomer'),(4,'Banco Banamex'),(5,'Banco Inverlat'),(6,'Banco Bx+'),(7,'Banco Santander Serfin'),(8,'Banco de Mexico'),(9,'Banco HSBC'),(10,'Banco Azteca'),(11,'Banco del Bajio'),(12,'Banco Banregio');
/*!40000 ALTER TABLE `bancos` ENABLE KEYS */;
UNLOCK TABLES;

--
-- Table structure for table `departamentos`
--

DROP TABLE IF EXISTS `departamentos`;
SET @saved_cs_client     = @@character_set_client;
SET character_set_client = utf8;
CREATE TABLE `departamentos` (
  `id_depto` int(11) NOT NULL AUTO_INCREMENT,
  `desc_depto` varchar(50) NOT NULL,
  PRIMARY KEY (`id_depto`)
) ENGINE=InnoDB AUTO_INCREMENT=5 DEFAULT CHARSET=latin1;
SET character_set_client = @saved_cs_client;

--
-- Dumping data for table `departamentos`
--

LOCK TABLES `departamentos` WRITE;
/*!40000 ALTER TABLE `departamentos` DISABLE KEYS */;
INSERT INTO `departamentos` VALUES (1,'Manejo de fondos'),(2,'Monetaria'),(3,'Politica'),(4,'Sistemas financieros');
/*!40000 ALTER TABLE `departamentos` ENABLE KEYS */;
UNLOCK TABLES;

--
-- Table structure for table `estado_resultados`
--

DROP TABLE IF EXISTS `estado_resultados`;
SET @saved_cs_client     = @@character_set_client;
SET character_set_client = utf8;
CREATE TABLE `estado_resultados` (
  `id_edo` int(11) NOT NULL AUTO_INCREMENT,
  `id_banco` int(11) NOT NULL,
  `id_dep` int(11) NOT NULL,
  `ingresos` double DEFAULT NULL,
  `egresos` double DEFAULT NULL,
  `año` int(11) DEFAULT NULL,
  `mes` int(11) DEFAULT NULL,
  `flag` bit(1) DEFAULT NULL,
  PRIMARY KEY (`id_edo`),
  KEY `id_banco` (`id_banco`),
  KEY `id_dep` (`id_dep`),
  CONSTRAINT `estado_resultados_ibfk_1` FOREIGN KEY (`id_banco`) REFERENCES `bancos` (`id_banco`) ON UPDATE CASCADE,
  CONSTRAINT `estado_resultados_ibfk_2` FOREIGN KEY (`id_dep`) REFERENCES `departamentos` (`id_depto`) ON UPDATE CASCADE
) ENGINE=InnoDB AUTO_INCREMENT=1153 DEFAULT CHARSET=latin1;
SET character_set_client = @saved_cs_client;

--
-- Dumping data for table `estado_resultados`
--

LOCK TABLES `estado_resultados` WRITE;
/*!40000 ALTER TABLE `estado_resultados` DISABLE KEYS */;
INSERT INTO `estado_resultados` VALUES (1,1,1,6461634,5640174,2011,1,''),(2,1,2,7294573,6264383,2011,1,''),(3,1,3,7603013,7269581,2011,1,''),(4,1,4,1233728,1074645,2011,1,''),(5,1,1,6202336,5061294,2011,2,''),(6,1,2,7434423,6033892,2011,2,''),(7,1,3,5839477,305412,2011,2,''),(8,1,4,5281100,6076761,2011,2,'\0'),(9,1,1,5455277,8219225,2011,3,'\0'),(10,1,2,1879581,2389379,2011,3,'\0'),(11,1,3,5373145,619003,2011,3,''),(12,1,4,1453929,1161595,2011,3,''),(13,1,1,3770529,2739799,2011,4,''),(14,1,2,2935751,3237976,2011,4,'\0'),(15,1,3,4243834,1900326,2011,4,''),(16,1,4,3679060,1822138,2011,4,''),(17,1,1,5197297,7820288,2011,5,'\0'),(18,1,2,461400,6014941,2011,5,'\0'),(19,1,3,2404483,8789192,2011,5,'\0'),(20,1,4,8190674,6374354,2011,5,''),(21,1,1,240460,7558481,2011,6,'\0'),(22,1,2,27193,7873211,2011,6,'\0'),(23,1,3,2763427,4782960,2011,6,'\0'),(24,1,4,3951726,1600861,2011,6,''),(25,1,1,6036415,4072816,2011,7,''),(26,1,2,2162900,1305639,2011,7,''),(27,1,3,2822914,4234146,2011,7,'\0'),(28,1,4,3071043,8407372,2011,7,'\0'),(29,1,1,3064627,7073756,2011,8,'\0'),(30,1,2,70666,6422551,2011,8,'\0'),(31,1,3,5355283,6223099,2011,8,'\0'),(32,1,4,7719994,3839555,2011,8,''),(33,1,1,4961288,3796557,2011,9,''),(34,1,2,3433564,4357310,2011,9,'\0'),(35,1,3,6808212,3340898,2011,9,''),(36,1,4,3302646,8057945,2011,9,'\0'),(37,1,1,5251497,455570,2011,10,''),(38,1,2,8198321,7522518,2011,10,''),(39,1,3,5380429,2667605,2011,10,''),(40,1,4,6883300,6118606,2011,10,''),(41,1,1,6066361,3630252,2011,11,''),(42,1,2,5461145,689522,2011,11,''),(43,1,3,959304,481069,2011,11,''),(44,1,4,4125317,6657150,2011,11,'\0'),(45,1,1,3161433,1243040,2011,12,''),(46,1,2,7835527,2113878,2011,12,''),(47,1,3,6361729,7481405,2011,12,'\0'),(48,1,4,6245146,1823808,2011,12,''),(49,2,1,1802874,5039226,2011,1,'\0'),(50,2,2,1930971,1179438,2011,1,''),(51,2,3,1569682,7566315,2011,1,'\0'),(52,2,4,1735455,67192,2011,1,''),(53,2,1,5337777,2729015,2011,2,''),(54,2,2,7821502,8283699,2011,2,'\0'),(55,2,3,7901888,5442409,2011,2,''),(56,2,4,2861269,8614404,2011,2,'\0'),(57,2,1,1515023,3201900,2011,3,'\0'),(58,2,2,5632911,4937093,2011,3,''),(59,2,3,2312989,5607684,2011,3,'\0'),(60,2,4,2183031,6745156,2011,3,'\0'),(61,2,1,873100,473528,2011,4,''),(62,2,2,4627606,7298843,2011,4,'\0'),(63,2,3,6261608,1490310,2011,4,''),(64,2,4,7610476,7207547,2011,4,''),(65,2,1,3761284,8275197,2011,5,'\0'),(66,2,2,1415994,8622079,2011,5,'\0'),(67,2,3,1838749,1778881,2011,5,''),(68,2,4,2741247,8373165,2011,5,'\0'),(69,2,1,8810587,4446160,2011,6,''),(70,2,2,8173292,330839,2011,6,''),(71,2,3,5097897,6229299,2011,6,'\0'),(72,2,4,5488130,1979158,2011,6,''),(73,2,1,6920883,4538865,2011,7,''),(74,2,2,990685,3701625,2011,7,'\0'),(75,2,3,7778259,7483430,2011,7,''),(76,2,4,4248850,5554941,2011,7,'\0'),(77,2,1,6080605,297317,2011,8,''),(78,2,2,739711,1372177,2011,8,'\0'),(79,2,3,4862538,7684696,2011,8,'\0'),(80,2,4,3122296,881191,2011,8,''),(81,2,1,8585436,4918695,2011,9,''),(82,2,2,6078819,2150095,2011,9,''),(83,2,3,3660634,4925762,2011,9,'\0'),(84,2,4,4925109,4078778,2011,9,''),(85,2,1,8472399,8258397,2011,10,''),(86,2,2,4480969,6844004,2011,10,'\0'),(87,2,3,2360714,5813470,2011,10,'\0'),(88,2,4,6012535,175309,2011,10,''),(89,2,1,7235730,7388655,2011,11,'\0'),(90,2,2,1411194,5089884,2011,11,'\0'),(91,2,3,239008,5686182,2011,11,'\0'),(92,2,4,7157434,8246914,2011,11,'\0'),(93,2,1,3140972,1170885,2011,12,''),(94,2,2,1033048,395234,2011,12,''),(95,2,3,4969787,6268678,2011,12,'\0'),(96,2,4,1991370,5482961,2011,12,'\0'),(97,3,1,1703671,1751927,2011,1,'\0'),(98,3,2,72808,8873730,2011,1,'\0'),(99,3,3,4726892,7799771,2011,1,'\0'),(100,3,4,5761670,7771321,2011,1,'\0'),(101,3,1,7149095,1144332,2011,2,''),(102,3,2,4720377,6393040,2011,2,'\0'),(103,3,3,1018239,4917805,2011,2,'\0'),(104,3,4,408388,3651873,2011,2,'\0'),(105,3,1,1919381,4300845,2011,3,'\0'),(106,3,2,1695765,8108420,2011,3,'\0'),(107,3,3,2444696,8839170,2011,3,'\0'),(108,3,4,7215032,7735884,2011,3,'\0'),(109,3,1,4544498,8343255,2011,4,'\0'),(110,3,2,5860065,7604790,2011,4,'\0'),(111,3,3,7824757,3615013,2011,4,''),(112,3,4,5537017,6938929,2011,4,'\0'),(113,3,1,1443464,7855749,2011,5,'\0'),(114,3,2,2999836,119913,2011,5,''),(115,3,3,376390,7501284,2011,5,'\0'),(116,3,4,3361703,7125003,2011,5,'\0'),(117,3,1,472195,402944,2011,6,''),(118,3,2,4663784,1571353,2011,6,''),(119,3,3,3897491,7727289,2011,6,'\0'),(120,3,4,703949,3009483,2011,6,'\0'),(121,3,1,6284409,4682739,2011,7,''),(122,3,2,2180668,4359859,2011,7,'\0'),(123,3,3,2136339,7197889,2011,7,'\0'),(124,3,4,3091087,2418595,2011,7,''),(125,3,1,7821981,6974160,2011,8,''),(126,3,2,5237311,2171832,2011,8,''),(127,3,3,1793455,914515,2011,8,''),(128,3,4,1641216,4253050,2011,8,'\0'),(129,3,1,7501166,5790333,2011,9,''),(130,3,2,1645655,2253536,2011,9,'\0'),(131,3,3,8846283,8150146,2011,9,''),(132,3,4,488721,2753492,2011,9,'\0'),(133,3,1,6911081,2896759,2011,10,''),(134,3,2,1177730,8879700,2011,10,'\0'),(135,3,3,5138087,663422,2011,10,''),(136,3,4,3560935,2915425,2011,10,''),(137,3,1,1090871,7105038,2011,11,'\0'),(138,3,2,4597470,8989184,2011,11,'\0'),(139,3,3,5422478,1487017,2011,11,''),(140,3,4,959837,7151267,2011,11,'\0'),(141,3,1,8701947,2502206,2011,12,''),(142,3,2,2268281,2210340,2011,12,''),(143,3,3,7304972,1075471,2011,12,''),(144,3,4,6452698,7547199,2011,12,'\0'),(145,4,1,5661723,6025824,2011,1,'\0'),(146,4,2,965241,2748750,2011,1,'\0'),(147,4,3,8772992,5847593,2011,1,''),(148,4,4,1825586,2312448,2011,1,'\0'),(149,4,1,1055228,8545005,2011,2,'\0'),(150,4,2,7770876,5859985,2011,2,''),(151,4,3,255713,5408630,2011,2,'\0'),(152,4,4,6103623,3268679,2011,2,''),(153,4,1,1391033,857502,2011,3,''),(154,4,2,1183393,3880035,2011,3,'\0'),(155,4,3,2405158,6987326,2011,3,'\0'),(156,4,4,3891917,3477141,2011,3,''),(157,4,1,7517876,263035,2011,4,''),(158,4,2,2816269,4036080,2011,4,'\0'),(159,4,3,7039960,8873055,2011,4,'\0'),(160,4,4,341059,2351220,2011,4,'\0'),(161,4,1,1768405,4623011,2011,5,'\0'),(162,4,2,5318142,2510252,2011,5,''),(163,4,3,4943181,2888164,2011,5,''),(164,4,4,4491107,7852068,2011,5,'\0'),(165,4,1,2146427,1066783,2011,6,''),(166,4,2,391866,6479036,2011,6,'\0'),(167,4,3,7455603,8180687,2011,6,'\0'),(168,4,4,5997949,614957,2011,6,''),(169,4,1,1624098,5754612,2011,7,'\0'),(170,4,2,2041653,100988,2011,7,''),(171,4,3,7055904,5872598,2011,7,''),(172,4,4,3495959,104006,2011,7,''),(173,4,1,8865425,5357493,2011,8,''),(174,4,2,7427221,4675395,2011,8,''),(175,4,3,4369107,6348742,2011,8,'\0'),(176,4,4,1100853,6142953,2011,8,'\0'),(177,4,1,3942527,6163986,2011,9,'\0'),(178,4,2,1953837,7444571,2011,9,'\0'),(179,4,3,6294729,6221611,2011,9,''),(180,4,4,8806642,5419624,2011,9,''),(181,4,1,2861012,2974222,2011,10,'\0'),(182,4,2,477163,3762405,2011,10,'\0'),(183,4,3,1196019,8257121,2011,10,'\0'),(184,4,4,3780612,811742,2011,10,''),(185,4,1,3960930,6191238,2011,11,'\0'),(186,4,2,1751824,3601850,2011,11,'\0'),(187,4,3,341697,796537,2011,11,'\0'),(188,4,4,810198,5631746,2011,11,'\0'),(189,4,1,5509663,6769791,2011,12,'\0'),(190,4,2,5502588,8623992,2011,12,'\0'),(191,4,3,3041615,2459718,2011,12,''),(192,4,4,4405696,1138284,2011,12,''),(193,5,1,7053185,3932811,2011,1,''),(194,5,2,747080,4281366,2011,1,'\0'),(195,5,3,6167715,1164820,2011,1,''),(196,5,4,4312699,1912000,2011,1,''),(197,5,1,8342089,6815654,2011,2,''),(198,5,2,7248913,4678152,2011,2,''),(199,5,3,1001721,5749632,2011,2,'\0'),(200,5,4,7438173,6943326,2011,2,''),(201,5,1,3898786,4448301,2011,3,'\0'),(202,5,2,2230182,1159948,2011,3,''),(203,5,3,1600953,7729685,2011,3,'\0'),(204,5,4,2444067,3529883,2011,3,'\0'),(205,5,1,542289,8735668,2011,4,'\0'),(206,5,2,7722175,855732,2011,4,''),(207,5,3,7123674,3978299,2011,4,''),(208,5,4,7512370,4331174,2011,4,''),(209,5,1,6436976,7346182,2011,5,'\0'),(210,5,2,4183256,1644702,2011,5,''),(211,5,3,805385,8363717,2011,5,'\0'),(212,5,4,3035539,1178233,2011,5,''),(213,5,1,5481758,7668770,2011,6,'\0'),(214,5,2,4262794,4270633,2011,6,'\0'),(215,5,3,527451,628507,2011,6,'\0'),(216,5,4,3236161,485856,2011,6,''),(217,5,1,5106035,4248437,2011,7,''),(218,5,2,1840060,2576413,2011,7,'\0'),(219,5,3,7169495,6046337,2011,7,''),(220,5,4,969803,1365104,2011,7,'\0'),(221,5,1,4788861,1360561,2011,8,''),(222,5,2,8716991,3081413,2011,8,''),(223,5,3,5186944,6641343,2011,8,'\0'),(224,5,4,8214924,4783708,2011,8,''),(225,5,1,4867725,8634091,2011,9,'\0'),(226,5,2,6593733,1374350,2011,9,''),(227,5,3,1105135,8005192,2011,9,'\0'),(228,5,4,3003775,372050,2011,9,''),(229,5,1,6453346,1883789,2011,10,''),(230,5,2,4205862,7044292,2011,10,'\0'),(231,5,3,6871402,2997029,2011,10,''),(232,5,4,798166,5722360,2011,10,'\0'),(233,5,1,516891,5561660,2011,11,'\0'),(234,5,2,4752197,4122476,2011,11,''),(235,5,3,3256536,7861451,2011,11,'\0'),(236,5,4,2564047,1278811,2011,11,''),(237,5,1,466029,5487758,2011,12,'\0'),(238,5,2,5992105,6257571,2011,12,'\0'),(239,5,3,1747024,6549667,2011,12,'\0'),(240,5,4,6048773,2166126,2011,12,''),(241,6,1,3776215,5770493,2011,1,'\0'),(242,6,2,4641211,8097071,2011,1,'\0'),(243,6,3,1619486,1279003,2011,1,''),(244,6,4,8014976,6554409,2011,1,''),(245,6,1,4493626,6076616,2011,2,'\0'),(246,6,2,5944409,5597451,2011,2,''),(247,6,3,1138703,615898,2011,2,''),(248,6,4,8434950,3407801,2011,2,''),(249,6,1,676135,1661030,2011,3,'\0'),(250,6,2,5555091,8235752,2011,3,'\0'),(251,6,3,8070649,3617565,2011,3,''),(252,6,4,2899447,8714652,2011,3,'\0'),(253,6,1,6088748,2816575,2011,4,''),(254,6,2,3099495,4345260,2011,4,'\0'),(255,6,3,5951935,4817456,2011,4,''),(256,6,4,5744798,2546866,2011,4,''),(257,6,1,5719908,653966,2011,5,''),(258,6,2,1055076,5047908,2011,5,'\0'),(259,6,3,5807059,2089695,2011,5,''),(260,6,4,4652270,1546040,2011,5,''),(261,6,1,3935049,6372014,2011,6,'\0'),(262,6,2,7821812,6506092,2011,6,''),(263,6,3,254885,677639,2011,6,'\0'),(264,6,4,1723547,8684101,2011,6,'\0'),(265,6,1,1333844,5428312,2011,7,'\0'),(266,6,2,3115353,466533,2011,7,''),(267,6,3,8195748,8921710,2011,7,'\0'),(268,6,4,1286259,7396071,2011,7,'\0'),(269,6,1,8627522,3270511,2011,8,''),(270,6,2,6060898,3318842,2011,8,''),(271,6,3,4520595,5471678,2011,8,'\0'),(272,6,4,4933455,7432601,2011,8,'\0'),(273,6,1,1102679,8538377,2011,9,'\0'),(274,6,2,1616747,4141470,2011,9,'\0'),(275,6,3,8533554,4018516,2011,9,''),(276,6,4,4550940,8029976,2011,9,'\0'),(277,6,1,7487969,8896761,2011,10,'\0'),(278,6,2,5206385,4457656,2011,10,''),(279,6,3,4029368,1831020,2011,10,''),(280,6,4,2336357,7245196,2011,10,'\0'),(281,6,1,7290118,5909644,2011,11,''),(282,6,2,7688052,674069,2011,11,''),(283,6,3,5217063,5632329,2011,11,'\0'),(284,6,4,8063944,8553832,2011,11,'\0'),(285,6,1,5915614,6615417,2011,12,'\0'),(286,6,2,4040667,5424780,2011,12,'\0'),(287,6,3,8931291,6601504,2011,12,''),(288,6,4,2098870,5058283,2011,12,'\0'),(289,7,1,2144533,6713552,2011,1,'\0'),(290,7,2,5395034,8293227,2011,1,'\0'),(291,7,3,7822725,3535326,2011,1,''),(292,7,4,7915031,4904103,2011,1,''),(293,7,1,5772872,2522820,2011,2,''),(294,7,2,8289228,3634824,2011,2,''),(295,7,3,7468930,4455464,2011,2,''),(296,7,4,6120255,1752062,2011,2,''),(297,7,1,4489806,8121198,2011,3,'\0'),(298,7,2,5277075,8472868,2011,3,'\0'),(299,7,3,1597116,2196180,2011,3,'\0'),(300,7,4,242782,3403573,2011,3,'\0'),(301,7,1,6306283,2327655,2011,4,''),(302,7,2,6268616,4690422,2011,4,''),(303,7,3,5860165,2757715,2011,4,''),(304,7,4,6782941,8927174,2011,4,'\0'),(305,7,1,7101343,2435930,2011,5,''),(306,7,2,6231486,2990797,2011,5,''),(307,7,3,857358,7460515,2011,5,'\0'),(308,7,4,5283948,6883691,2011,5,'\0'),(309,7,1,5102595,4860496,2011,6,''),(310,7,2,8132083,5349310,2011,6,''),(311,7,3,6341191,5185464,2011,6,''),(312,7,4,3425693,6497757,2011,6,'\0'),(313,7,1,6367232,3104849,2011,7,''),(314,7,2,5245470,4928980,2011,7,''),(315,7,3,6801698,6235261,2011,7,''),(316,7,4,5395455,7873331,2011,7,'\0'),(317,7,1,3580006,7712268,2011,8,'\0'),(318,7,2,212877,2682796,2011,8,'\0'),(319,7,3,8869678,7602117,2011,8,''),(320,7,4,7039445,8600891,2011,8,'\0'),(321,7,1,2734567,4109230,2011,9,'\0'),(322,7,2,5475742,4115229,2011,9,''),(323,7,3,230243,6676916,2011,9,'\0'),(324,7,4,8549060,2353937,2011,9,''),(325,7,1,3514562,2501609,2011,10,''),(326,7,2,7965183,6925649,2011,10,''),(327,7,3,4988079,2684997,2011,10,''),(328,7,4,1685794,8322466,2011,10,'\0'),(329,7,1,3440920,3233831,2011,11,''),(330,7,2,175805,1506284,2011,11,'\0'),(331,7,3,675847,8383719,2011,11,'\0'),(332,7,4,7798668,1581095,2011,11,''),(333,7,1,8101708,271141,2011,12,''),(334,7,2,2002744,8517391,2011,12,'\0'),(335,7,3,4347099,6806962,2011,12,'\0'),(336,7,4,2138133,3739446,2011,12,'\0'),(337,8,1,5030977,3715121,2011,1,''),(338,8,2,8970883,12305,2011,1,''),(339,8,3,7445157,6091719,2011,1,''),(340,8,4,3220302,1472500,2011,1,''),(341,8,1,5053004,1512648,2011,2,''),(342,8,2,2735105,2834988,2011,2,'\0'),(343,8,3,8389318,5671938,2011,2,''),(344,8,4,5245461,1778537,2011,2,''),(345,8,1,5158324,7768409,2011,3,'\0'),(346,8,2,8980513,1262778,2011,3,''),(347,8,3,7069821,4374765,2011,3,''),(348,8,4,824735,4062334,2011,3,'\0'),(349,8,1,8227984,5321162,2011,4,''),(350,8,2,1101538,5116956,2011,4,'\0'),(351,8,3,7692973,3204352,2011,4,''),(352,8,4,1518834,4391277,2011,4,'\0'),(353,8,1,3172391,6493880,2011,5,'\0'),(354,8,2,8288787,3813815,2011,5,''),(355,8,3,6667838,2848385,2011,5,''),(356,8,4,1942772,5522046,2011,5,'\0'),(357,8,1,301188,8177945,2011,6,'\0'),(358,8,2,5902616,6078870,2011,6,'\0'),(359,8,3,7475895,7192473,2011,6,''),(360,8,4,6440477,8545513,2011,6,'\0'),(361,8,1,2990554,6661538,2011,7,'\0'),(362,8,2,5262253,7296871,2011,7,'\0'),(363,8,3,7715080,1377587,2011,7,''),(364,8,4,5583190,247542,2011,7,''),(365,8,1,5964331,5862393,2011,8,''),(366,8,2,6229442,7720280,2011,8,'\0'),(367,8,3,4759602,1185661,2011,8,''),(368,8,4,7995558,6533298,2011,8,''),(369,8,1,4755391,8875057,2011,9,'\0'),(370,8,2,215475,8858,2011,9,''),(371,8,3,5726959,2788557,2011,9,''),(372,8,4,1263338,5512781,2011,9,'\0'),(373,8,1,3163645,2992832,2011,10,''),(374,8,2,6490534,8823029,2011,10,'\0'),(375,8,3,2693545,6145515,2011,10,'\0'),(376,8,4,5926606,95185,2011,10,''),(377,8,1,7777098,4614531,2011,11,''),(378,8,2,924248,6443671,2011,11,'\0'),(379,8,3,2350258,8584265,2011,11,'\0'),(380,8,4,1812385,3189776,2011,11,'\0'),(381,8,1,872369,7696229,2011,12,'\0'),(382,8,2,3536367,7640987,2011,12,'\0'),(383,8,3,3539519,2350943,2011,12,''),(384,8,4,3210597,5860931,2011,12,'\0'),(385,9,1,2261056,5658141,2011,1,'\0'),(386,9,2,8486465,1265122,2011,1,''),(387,9,3,7365108,3163981,2011,1,''),(388,9,4,3647236,1034997,2011,1,''),(389,9,1,8898392,6906807,2011,2,''),(390,9,2,381573,8281176,2011,2,'\0'),(391,9,3,2816220,4057117,2011,2,'\0'),(392,9,4,8258690,2606615,2011,2,''),(393,9,1,8320556,2382720,2011,3,''),(394,9,2,6030648,221272,2011,3,''),(395,9,3,8097139,3046688,2011,3,''),(396,9,4,5021092,2042192,2011,3,''),(397,9,1,3227070,7793564,2011,4,'\0'),(398,9,2,7024794,8276321,2011,4,'\0'),(399,9,3,7103966,3408353,2011,4,''),(400,9,4,7338623,4828145,2011,4,''),(401,9,1,4774685,8443223,2011,5,'\0'),(402,9,2,8772126,8500177,2011,5,''),(403,9,3,739765,4598414,2011,5,'\0'),(404,9,4,5744674,3361602,2011,5,''),(405,9,1,8399166,5816700,2011,6,''),(406,9,2,5866195,7848789,2011,6,'\0'),(407,9,3,8009570,4104885,2011,6,''),(408,9,4,1719760,6131189,2011,6,'\0'),(409,9,1,4231361,7331118,2011,7,'\0'),(410,9,2,8916877,2027043,2011,7,''),(411,9,3,7086640,5763461,2011,7,''),(412,9,4,1880104,2285589,2011,7,'\0'),(413,9,1,4423987,912954,2011,8,''),(414,9,2,3222631,365942,2011,8,''),(415,9,3,6791370,5323553,2011,8,''),(416,9,4,6040797,3937499,2011,8,''),(417,9,1,8955527,3311660,2011,9,''),(418,9,2,8913025,202768,2011,9,''),(419,9,3,174272,7299541,2011,9,'\0'),(420,9,4,6907433,4800668,2011,9,''),(421,9,1,4727642,3309835,2011,10,''),(422,9,2,440466,2486899,2011,10,'\0'),(423,9,3,4144419,3392394,2011,10,''),(424,9,4,3400129,2007650,2011,10,''),(425,9,1,5022506,1240092,2011,11,''),(426,9,2,3549987,583920,2011,11,''),(427,9,3,4334779,7016825,2011,11,'\0'),(428,9,4,4863838,5205945,2011,11,'\0'),(429,9,1,3636478,6468780,2011,12,'\0'),(430,9,2,6106059,2500702,2011,12,''),(431,9,3,4645822,6719134,2011,12,'\0'),(432,9,4,5668863,4280178,2011,12,''),(433,10,1,8256502,756738,2011,1,''),(434,10,2,5405283,5004093,2011,1,''),(435,10,3,5158818,520888,2011,1,''),(436,10,4,1955466,4297964,2011,1,'\0'),(437,10,1,4895663,3657194,2011,2,''),(438,10,2,3853899,2355884,2011,2,''),(439,10,3,4360241,5473600,2011,2,'\0'),(440,10,4,7526497,4527134,2011,2,''),(441,10,1,4454273,361015,2011,3,''),(442,10,2,1139003,6636692,2011,3,'\0'),(443,10,3,6868658,1959570,2011,3,''),(444,10,4,1141936,7621956,2011,3,'\0'),(445,10,1,722931,7649417,2011,4,'\0'),(446,10,2,6272392,4881448,2011,4,''),(447,10,3,2105547,8524024,2011,4,'\0'),(448,10,4,719253,3326032,2011,4,'\0'),(449,10,1,4393936,6864337,2011,5,'\0'),(450,10,2,5135923,5499105,2011,5,'\0'),(451,10,3,7601413,8273735,2011,5,'\0'),(452,10,4,3193502,8289498,2011,5,'\0'),(453,10,1,4897472,6056582,2011,6,'\0'),(454,10,2,1407316,4699255,2011,6,'\0'),(455,10,3,2878635,8127259,2011,6,'\0'),(456,10,4,8041055,2848215,2011,6,''),(457,10,1,2128958,721940,2011,7,''),(458,10,2,7995283,2898295,2011,7,''),(459,10,3,5102436,1451947,2011,7,''),(460,10,4,2720865,3862577,2011,7,'\0'),(461,10,1,383994,785393,2011,8,'\0'),(462,10,2,3362920,5327806,2011,8,'\0'),(463,10,3,8941388,2872905,2011,8,''),(464,10,4,6537187,1963618,2011,8,''),(465,10,1,3067278,5743598,2011,9,'\0'),(466,10,2,4368223,6317791,2011,9,'\0'),(467,10,3,1328861,2289035,2011,9,'\0'),(468,10,4,1677648,6804056,2011,9,'\0'),(469,10,1,3991929,1125792,2011,10,''),(470,10,2,4500690,3977446,2011,10,''),(471,10,3,3066806,2381333,2011,10,''),(472,10,4,5430581,5161942,2011,10,''),(473,10,1,335599,6683259,2011,11,'\0'),(474,10,2,5642866,4246093,2011,11,''),(475,10,3,1463308,148585,2011,11,''),(476,10,4,8835521,7994557,2011,11,''),(477,10,1,569800,1967553,2011,12,'\0'),(478,10,2,4735765,2536965,2011,12,''),(479,10,3,445281,255625,2011,12,''),(480,10,4,4270779,4790235,2011,12,'\0'),(481,11,1,2928833,7207581,2011,1,'\0'),(482,11,2,5977069,5446468,2011,1,''),(483,11,3,2837740,6229319,2011,1,'\0'),(484,11,4,2731990,5815738,2011,1,'\0'),(485,11,1,3234744,5645764,2011,2,'\0'),(486,11,2,5431007,4251603,2011,2,''),(487,11,3,2751037,787411,2011,2,''),(488,11,4,6805546,4106876,2011,2,''),(489,11,1,3144700,7743370,2011,3,'\0'),(490,11,2,5178821,3168174,2011,3,''),(491,11,3,5267479,835400,2011,3,''),(492,11,4,6590830,6299985,2011,3,''),(493,11,1,1137193,1915227,2011,4,'\0'),(494,11,2,8388733,592472,2011,4,''),(495,11,3,2868725,4916616,2011,4,'\0'),(496,11,4,5075134,4651966,2011,4,''),(497,11,1,4803486,6703935,2011,5,'\0'),(498,11,2,2934304,3799067,2011,5,'\0'),(499,11,3,2295377,4150620,2011,5,'\0'),(500,11,4,715192,7846502,2011,5,'\0'),(501,11,1,6260703,553758,2011,6,''),(502,11,2,6440104,6817372,2011,6,'\0'),(503,11,3,8780166,4945118,2011,6,''),(504,11,4,1229214,7434130,2011,6,'\0'),(505,11,1,8752958,2594337,2011,7,''),(506,11,2,4883603,7459635,2011,7,'\0'),(507,11,3,2846143,5016517,2011,7,'\0'),(508,11,4,853348,2003821,2011,7,'\0'),(509,11,1,5756954,4094393,2011,8,''),(510,11,2,6132163,6723021,2011,8,'\0'),(511,11,3,1111267,1504304,2011,8,'\0'),(512,11,4,8566450,5433718,2011,8,''),(513,11,1,5158431,1495557,2011,9,''),(514,11,2,44081,8038425,2011,9,'\0'),(515,11,3,6790826,4214381,2011,9,''),(516,11,4,1037102,3818699,2011,9,'\0'),(517,11,1,4315891,6186508,2011,10,'\0'),(518,11,2,6012535,88691,2011,10,''),(519,11,3,8839068,2276535,2011,10,''),(520,11,4,296744,7922413,2011,10,'\0'),(521,11,1,4077994,7427557,2011,11,'\0'),(522,11,2,4081401,8168877,2011,11,'\0'),(523,11,3,1921458,5751177,2011,11,'\0'),(524,11,4,1392862,8251441,2011,11,'\0'),(525,11,1,8071032,2085837,2011,12,''),(526,11,2,7011781,4311240,2011,12,''),(527,11,3,1658975,6970523,2011,12,'\0'),(528,11,4,8526121,2099255,2011,12,''),(529,12,1,822895,91260,2011,1,''),(530,12,2,1928213,8647573,2011,1,'\0'),(531,12,3,4835845,5649369,2011,1,'\0'),(532,12,4,8425351,3157614,2011,1,''),(533,12,1,8539924,6773395,2011,2,''),(534,12,2,5423411,5731572,2011,2,'\0'),(535,12,3,8512123,1050608,2011,2,''),(536,12,4,8964289,543060,2011,2,''),(537,12,1,6603073,3489424,2011,3,''),(538,12,2,1250492,3793884,2011,3,'\0'),(539,12,3,6232524,740654,2011,3,''),(540,12,4,3273996,7336174,2011,3,'\0'),(541,12,1,7099764,4203321,2011,4,''),(542,12,2,8981549,152480,2011,4,''),(543,12,3,7772914,7719935,2011,4,''),(544,12,4,854838,7981245,2011,4,'\0'),(545,12,1,4957863,6926434,2011,5,'\0'),(546,12,2,3261529,5251025,2011,5,'\0'),(547,12,3,5115869,3963594,2011,5,''),(548,12,4,8441954,3144003,2011,5,''),(549,12,1,3498170,3179606,2011,6,''),(550,12,2,8536258,1047903,2011,6,''),(551,12,3,7596699,4657561,2011,6,''),(552,12,4,7628104,1875077,2011,6,''),(553,12,1,471837,3886992,2011,7,'\0'),(554,12,2,3383590,8728521,2011,7,'\0'),(555,12,3,1411357,7665168,2011,7,'\0'),(556,12,4,5497809,2176841,2011,7,''),(557,12,1,6899108,6361747,2011,8,''),(558,12,2,8826519,1963602,2011,8,''),(559,12,3,5927624,7009437,2011,8,'\0'),(560,12,4,2776691,3321296,2011,8,'\0'),(561,12,1,2275812,293715,2011,9,''),(562,12,2,8257219,7186069,2011,9,''),(563,12,3,5490990,7406217,2011,9,'\0'),(564,12,4,5249914,5516636,2011,9,'\0'),(565,12,1,1963980,4899296,2011,10,'\0'),(566,12,2,5850868,5609222,2011,10,''),(567,12,3,5666627,6133318,2011,10,'\0'),(568,12,4,8453640,8770179,2011,10,'\0'),(569,12,1,833023,5643640,2011,11,'\0'),(570,12,2,1598203,958821,2011,11,''),(571,12,3,6108869,770802,2011,11,''),(572,12,4,4893397,7045293,2011,11,'\0'),(573,12,1,467863,3195319,2011,12,'\0'),(574,12,2,5335684,7141773,2011,12,'\0'),(575,12,3,8499595,2597576,2011,12,''),(576,12,4,2293269,3059989,2011,12,'\0'),(577,1,1,2116022,6148229,2010,1,'\0'),(578,1,2,2734407,2936318,2010,1,'\0'),(579,1,3,1914060,8262990,2010,1,'\0'),(580,1,4,5089889,6842785,2010,1,'\0'),(581,1,1,4505273,2832685,2010,2,''),(582,1,2,7810144,4759852,2010,2,''),(583,1,3,2410549,2447376,2010,2,'\0'),(584,1,4,3064317,1446817,2010,2,''),(585,1,1,8210462,720154,2010,3,''),(586,1,2,7047593,7536799,2010,3,'\0'),(587,1,3,8604065,6827235,2010,3,''),(588,1,4,1525513,3392602,2010,3,'\0'),(589,1,1,3239976,3253988,2010,4,'\0'),(590,1,2,5634095,2146522,2010,4,''),(591,1,3,7613252,4347726,2010,4,''),(592,1,4,542295,68449,2010,4,''),(593,1,1,2830346,5935377,2010,5,'\0'),(594,1,2,7982657,8329408,2010,5,'\0'),(595,1,3,6584417,7702575,2010,5,'\0'),(596,1,4,7586722,1431823,2010,5,''),(597,1,1,8254654,2250479,2010,6,''),(598,1,2,6423669,6063115,2010,6,''),(599,1,3,4645710,747570,2010,6,''),(600,1,4,8133800,6895877,2010,6,''),(601,1,1,517213,3875935,2010,7,'\0'),(602,1,2,1572945,4905674,2010,7,'\0'),(603,1,3,3718298,3335004,2010,7,''),(604,1,4,4939462,8106671,2010,7,'\0'),(605,1,1,1438453,1510421,2010,8,'\0'),(606,1,2,2942497,7215602,2010,8,'\0'),(607,1,3,2813439,7041751,2010,8,'\0'),(608,1,4,3688247,646221,2010,8,''),(609,1,1,5883915,1929894,2010,9,''),(610,1,2,5610469,1409195,2010,9,''),(611,1,3,3694364,8513598,2010,9,'\0'),(612,1,4,4952073,6946560,2010,9,'\0'),(613,1,1,3141250,114183,2010,10,''),(614,1,2,4016598,6665135,2010,10,'\0'),(615,1,3,4031869,398516,2010,10,''),(616,1,4,1651507,6949952,2010,10,'\0'),(617,1,1,1699128,8542599,2010,11,'\0'),(618,1,2,7199650,3736593,2010,11,''),(619,1,3,1432535,7091504,2010,11,'\0'),(620,1,4,1460951,8300406,2010,11,'\0'),(621,1,1,931987,7006192,2010,12,'\0'),(622,1,2,4043204,2780960,2010,12,''),(623,1,3,6968460,2763690,2010,12,''),(624,1,4,5849139,4101668,2010,12,''),(625,2,1,8444496,2534339,2010,1,''),(626,2,2,346214,6367380,2010,1,'\0'),(627,2,3,6087442,1398312,2010,1,''),(628,2,4,5696357,526838,2010,1,''),(629,2,1,6079661,4283298,2010,2,''),(630,2,2,8784733,6072235,2010,2,''),(631,2,3,5032482,7806265,2010,2,'\0'),(632,2,4,1679787,1814752,2010,2,'\0'),(633,2,1,3844463,8484402,2010,3,'\0'),(634,2,2,1081241,322731,2010,3,''),(635,2,3,6149540,6843851,2010,3,'\0'),(636,2,4,5868388,4438323,2010,3,''),(637,2,1,8256961,799536,2010,4,''),(638,2,2,4947924,5398754,2010,4,'\0'),(639,2,3,712444,8305395,2010,4,'\0'),(640,2,4,1218719,479952,2010,4,''),(641,2,1,3868733,3681552,2010,5,''),(642,2,2,8620383,6753152,2010,5,''),(643,2,3,7143854,5213388,2010,5,''),(644,2,4,8913097,1499200,2010,5,''),(645,2,1,3966579,587300,2010,6,''),(646,2,2,4048119,7060578,2010,6,'\0'),(647,2,3,4761187,2478797,2010,6,''),(648,2,4,1731530,6427862,2010,6,'\0'),(649,2,1,3707403,3140899,2010,7,''),(650,2,2,7058228,5655079,2010,7,''),(651,2,3,2426412,5154225,2010,7,'\0'),(652,2,4,6898778,1277605,2010,7,''),(653,2,1,4190152,7594927,2010,8,'\0'),(654,2,2,3058716,7266569,2010,8,'\0'),(655,2,3,6728625,1752551,2010,8,''),(656,2,4,6098007,8695313,2010,8,'\0'),(657,2,1,8218746,3187186,2010,9,''),(658,2,2,3097820,7216350,2010,9,'\0'),(659,2,3,7578305,7353713,2010,9,''),(660,2,4,7592396,651321,2010,9,''),(661,2,1,7759887,8240678,2010,10,'\0'),(662,2,2,1345764,1481834,2010,10,'\0'),(663,2,3,2342153,8472315,2010,10,'\0'),(664,2,4,1646135,2795662,2010,10,'\0'),(665,2,1,3349657,4104477,2010,11,'\0'),(666,2,2,5315338,290615,2010,11,''),(667,2,3,897430,4908665,2010,11,'\0'),(668,2,4,7686190,1267518,2010,11,''),(669,2,1,7952823,8283129,2010,12,'\0'),(670,2,2,6387721,8154072,2010,12,'\0'),(671,2,3,1234697,4055950,2010,12,'\0'),(672,2,4,896276,2992994,2010,12,'\0'),(673,3,1,8028740,8352251,2010,1,'\0'),(674,3,2,3459938,7500628,2010,1,'\0'),(675,3,3,8487861,5386176,2010,1,''),(676,3,4,3184412,8756410,2010,1,'\0'),(677,3,1,807761,2507975,2010,2,'\0'),(678,3,2,5780372,3318837,2010,2,''),(679,3,3,1520434,6087533,2010,2,'\0'),(680,3,4,4715489,2580232,2010,2,''),(681,3,1,4032071,7847902,2010,3,'\0'),(682,3,2,6288734,8470461,2010,3,'\0'),(683,3,3,5446907,7075853,2010,3,'\0'),(684,3,4,5450239,198820,2010,3,''),(685,3,1,8664838,7731224,2010,4,''),(686,3,2,26891,4583685,2010,4,'\0'),(687,3,3,7718161,852798,2010,4,''),(688,3,4,382022,3661145,2010,4,'\0'),(689,3,1,321599,815652,2010,5,'\0'),(690,3,2,7436955,5686618,2010,5,''),(691,3,3,6649798,5933451,2010,5,''),(692,3,4,4412833,8347632,2010,5,'\0'),(693,3,1,6427772,1618823,2010,6,''),(694,3,2,1613070,2991257,2010,6,'\0'),(695,3,3,6522320,7815964,2010,6,'\0'),(696,3,4,8059943,3936273,2010,6,''),(697,3,1,2356219,6701853,2010,7,'\0'),(698,3,2,823244,3488052,2010,7,'\0'),(699,3,3,632046,1715908,2010,7,'\0'),(700,3,4,434561,3103181,2010,7,'\0'),(701,3,1,7048751,5822657,2010,8,''),(702,3,2,4867704,8261240,2010,8,'\0'),(703,3,3,3921682,1537989,2010,8,''),(704,3,4,183945,7992744,2010,8,'\0'),(705,3,1,7875489,2656724,2010,9,''),(706,3,2,5090118,3685096,2010,9,''),(707,3,3,1069453,7807794,2010,9,'\0'),(708,3,4,1338362,6742516,2010,9,'\0'),(709,3,1,4735986,2932988,2010,10,''),(710,3,2,3108128,4911259,2010,10,'\0'),(711,3,3,2165687,1536210,2010,10,''),(712,3,4,4254290,4598018,2010,10,'\0'),(713,3,1,6656012,2082461,2010,11,''),(714,3,2,2579587,4307296,2010,11,'\0'),(715,3,3,4355781,6239169,2010,11,'\0'),(716,3,4,7095287,6402596,2010,11,''),(717,3,1,5383916,6747271,2010,12,'\0'),(718,3,2,3570907,3756652,2010,12,'\0'),(719,3,3,2078436,1585404,2010,12,''),(720,3,4,6541924,4497509,2010,12,''),(721,4,1,6740465,747779,2010,1,''),(722,4,2,4343925,5980146,2010,1,'\0'),(723,4,3,1778075,5394831,2010,1,'\0'),(724,4,4,4672183,1317374,2010,1,''),(725,4,1,4726069,2355403,2010,2,''),(726,4,2,8627692,4289169,2010,2,''),(727,4,3,8220349,3960249,2010,2,''),(728,4,4,3203740,8216146,2010,2,'\0'),(729,4,1,1639296,1968848,2010,3,'\0'),(730,4,2,2691599,3430740,2010,3,'\0'),(731,4,3,5789640,6914991,2010,3,'\0'),(732,4,4,4539530,308796,2010,3,''),(733,4,1,8710584,3541352,2010,4,''),(734,4,2,3786228,7434573,2010,4,'\0'),(735,4,3,5397465,1119195,2010,4,''),(736,4,4,5307997,7363810,2010,4,'\0'),(737,4,1,5065,8356637,2010,5,'\0'),(738,4,2,4768356,2622320,2010,5,''),(739,4,3,4880681,3287341,2010,5,''),(740,4,4,6339446,1031708,2010,5,''),(741,4,1,1598385,7001212,2010,6,'\0'),(742,4,2,1976510,2189138,2010,6,'\0'),(743,4,3,1018413,8329730,2010,6,'\0'),(744,4,4,2269898,5944699,2010,6,'\0'),(745,4,1,5279452,2630670,2010,7,''),(746,4,2,7673462,5017736,2010,7,''),(747,4,3,4546591,1630530,2010,7,''),(748,4,4,6213844,472662,2010,7,''),(749,4,1,1284008,877660,2010,8,''),(750,4,2,4622110,2635067,2010,8,''),(751,4,3,2799026,7735074,2010,8,'\0'),(752,4,4,5197328,3170586,2010,8,''),(753,4,1,3812916,2999174,2010,9,''),(754,4,2,611103,8471808,2010,9,'\0'),(755,4,3,5853903,6169051,2010,9,'\0'),(756,4,4,5292740,5202634,2010,9,''),(757,4,1,8339097,5110807,2010,10,''),(758,4,2,996652,4834805,2010,10,'\0'),(759,4,3,8314624,6362254,2010,10,''),(760,4,4,3646739,5277991,2010,10,'\0'),(761,4,1,1957005,8605651,2010,11,'\0'),(762,4,2,7576930,2252602,2010,11,''),(763,4,3,7103892,8899531,2010,11,'\0'),(764,4,4,5842718,883644,2010,11,''),(765,4,1,6278541,4105475,2010,12,''),(766,4,2,1365439,3104265,2010,12,'\0'),(767,4,3,1899943,5571607,2010,12,'\0'),(768,4,4,2289197,7849256,2010,12,'\0'),(769,5,1,8629334,1541848,2010,1,''),(770,5,2,4079784,5691600,2010,1,'\0'),(771,5,3,6093839,1948425,2010,1,''),(772,5,4,8575565,2529288,2010,1,''),(773,5,1,8549275,1214865,2010,2,''),(774,5,2,412246,7164960,2010,2,'\0'),(775,5,3,8396723,3447671,2010,2,''),(776,5,4,6986585,7137526,2010,2,'\0'),(777,5,1,3851214,927127,2010,3,''),(778,5,2,398551,1962788,2010,3,'\0'),(779,5,3,7475946,7121121,2010,3,''),(780,5,4,6617041,1019171,2010,3,''),(781,5,1,3741740,1540635,2010,4,''),(782,5,2,1451263,1675036,2010,4,'\0'),(783,5,3,1248960,7631496,2010,4,'\0'),(784,5,4,777965,8895638,2010,4,'\0'),(785,5,1,5757929,2554252,2010,5,''),(786,5,2,7874186,5490645,2010,5,''),(787,5,3,3713909,1142449,2010,5,''),(788,5,4,7635821,8367245,2010,5,'\0'),(789,5,1,1523990,8549389,2010,6,'\0'),(790,5,2,6924197,5639215,2010,6,''),(791,5,3,2445797,94360,2010,6,''),(792,5,4,4276084,3208913,2010,6,''),(793,5,1,6581685,6601578,2010,7,'\0'),(794,5,2,736899,6487037,2010,7,'\0'),(795,5,3,6137151,2088595,2010,7,''),(796,5,4,7632584,8244063,2010,7,'\0'),(797,5,1,3798466,3005570,2010,8,''),(798,5,2,6682526,2197645,2010,8,''),(799,5,3,812092,2352875,2010,8,'\0'),(800,5,4,8974055,8831858,2010,8,''),(801,5,1,7107201,2911644,2010,9,''),(802,5,2,3968480,4117023,2010,9,'\0'),(803,5,3,4592703,6510422,2010,9,'\0'),(804,5,4,1889270,5252929,2010,9,'\0'),(805,5,1,4581419,7720751,2010,10,'\0'),(806,5,2,4554918,4293657,2010,10,''),(807,5,3,8146625,2625527,2010,10,''),(808,5,4,3962181,2528774,2010,10,''),(809,5,1,1099966,8336175,2010,11,'\0'),(810,5,2,5699799,6793556,2010,11,'\0'),(811,5,3,4194752,6748203,2010,11,'\0'),(812,5,4,1578475,6459955,2010,11,'\0'),(813,5,1,5104988,8619348,2010,12,'\0'),(814,5,2,6699792,8720421,2010,12,'\0'),(815,5,3,5707974,1430593,2010,12,''),(816,5,4,1554934,7918266,2010,12,'\0'),(817,6,1,4207144,7647490,2010,1,'\0'),(818,6,2,4643450,4101105,2010,1,''),(819,6,3,8671834,2937749,2010,1,''),(820,6,4,6533022,2678030,2010,1,''),(821,6,1,3641946,6620724,2010,2,'\0'),(822,6,2,3243055,5046521,2010,2,'\0'),(823,6,3,1548038,125489,2010,2,''),(824,6,4,3328101,6321665,2010,2,'\0'),(825,6,1,5831148,516316,2010,3,''),(826,6,2,8061553,4848170,2010,3,''),(827,6,3,8811693,5207948,2010,3,''),(828,6,4,1675674,8004695,2010,3,'\0'),(829,6,1,553083,6837709,2010,4,'\0'),(830,6,2,1700971,7920420,2010,4,'\0'),(831,6,3,5193218,8887505,2010,4,'\0'),(832,6,4,1066078,7115351,2010,4,'\0'),(833,6,1,1475850,6056003,2010,5,'\0'),(834,6,2,2768720,1748716,2010,5,''),(835,6,3,7503789,3569721,2010,5,''),(836,6,4,8609009,113918,2010,5,''),(837,6,1,5057264,3591524,2010,6,''),(838,6,2,8688211,253851,2010,6,''),(839,6,3,5173263,6635964,2010,6,'\0'),(840,6,4,8119320,3086987,2010,6,''),(841,6,1,2065471,2433160,2010,7,'\0'),(842,6,2,2670167,2232496,2010,7,''),(843,6,3,4879467,8996364,2010,7,'\0'),(844,6,4,7865453,8801775,2010,7,'\0'),(845,6,1,3224135,1743107,2010,8,''),(846,6,2,411044,7784090,2010,8,'\0'),(847,6,3,7897759,1395767,2010,8,''),(848,6,4,8671956,4295653,2010,8,''),(849,6,1,6736106,4044678,2010,9,''),(850,6,2,6334985,3884301,2010,9,''),(851,6,3,2049780,8195315,2010,9,'\0'),(852,6,4,6317463,6286052,2010,9,''),(853,6,1,8689478,6840850,2010,10,''),(854,6,2,3445681,3515163,2010,10,'\0'),(855,6,3,7380283,6602361,2010,10,''),(856,6,4,419549,1935898,2010,10,'\0'),(857,6,1,6599923,1761176,2010,11,''),(858,6,2,4104575,12099,2010,11,''),(859,6,3,940969,7571313,2010,11,'\0'),(860,6,4,2247872,8759732,2010,11,'\0'),(861,6,1,2593241,6584744,2010,12,'\0'),(862,6,2,2301794,6537933,2010,12,'\0'),(863,6,3,7310210,848113,2010,12,''),(864,6,4,157012,1705680,2010,12,'\0'),(865,7,1,5982001,4736837,2010,1,''),(866,7,2,3236229,1844090,2010,1,''),(867,7,3,4727597,8880975,2010,1,'\0'),(868,7,4,5580388,6698404,2010,1,'\0'),(869,7,1,1240203,2106924,2010,2,'\0'),(870,7,2,2271167,1729112,2010,2,''),(871,7,3,972181,1570070,2010,2,'\0'),(872,7,4,7776697,5178231,2010,2,''),(873,7,1,2629841,8285671,2010,3,'\0'),(874,7,2,3581871,854662,2010,3,''),(875,7,3,5363346,2078770,2010,3,''),(876,7,4,770251,7421570,2010,3,'\0'),(877,7,1,3983310,3568620,2010,4,''),(878,7,2,61528,8829168,2010,4,'\0'),(879,7,3,3513213,5179154,2010,4,'\0'),(880,7,4,5176624,6677817,2010,4,'\0'),(881,7,1,3395522,324165,2010,5,''),(882,7,2,301959,1719259,2010,5,'\0'),(883,7,3,7709459,6854403,2010,5,''),(884,7,4,855041,5407864,2010,5,'\0'),(885,7,1,5829665,3573525,2010,6,''),(886,7,2,1715513,8399150,2010,6,'\0'),(887,7,3,6057491,5130744,2010,6,''),(888,7,4,3578867,1159407,2010,6,''),(889,7,1,7890514,1880342,2010,7,''),(890,7,2,114532,4398147,2010,7,'\0'),(891,7,3,4760852,5361611,2010,7,'\0'),(892,7,4,8165651,1864172,2010,7,''),(893,7,1,7269167,4897558,2010,8,''),(894,7,2,2314807,8156402,2010,8,'\0'),(895,7,3,168788,2436667,2010,8,'\0'),(896,7,4,8758101,7592247,2010,8,''),(897,7,1,613158,2169245,2010,9,'\0'),(898,7,2,1579427,2849097,2010,9,'\0'),(899,7,3,7469866,4638351,2010,9,''),(900,7,4,3197408,6048658,2010,9,'\0'),(901,7,1,7825811,8035035,2010,10,'\0'),(902,7,2,3969428,2189200,2010,10,''),(903,7,3,5160559,4118600,2010,10,''),(904,7,4,7680312,4347346,2010,10,''),(905,7,1,1048783,8734801,2010,11,'\0'),(906,7,2,6917642,4868960,2010,11,''),(907,7,3,7667694,8218408,2010,11,'\0'),(908,7,4,2141352,4847709,2010,11,'\0'),(909,7,1,5831650,8061253,2010,12,'\0'),(910,7,2,4592171,7550285,2010,12,'\0'),(911,7,3,3753688,5102876,2010,12,'\0'),(912,7,4,8051646,6088860,2010,12,''),(913,8,1,5242502,1158109,2010,1,''),(914,8,2,6865861,5564167,2010,1,''),(915,8,3,4583449,434406,2010,1,''),(916,8,4,7575677,4106762,2010,1,''),(917,8,1,8923401,5311473,2010,2,''),(918,8,2,6958213,2729310,2010,2,''),(919,8,3,6581884,3056698,2010,2,''),(920,8,4,277430,7669386,2010,2,'\0'),(921,8,1,3344644,8832124,2010,3,'\0'),(922,8,2,6066127,8950114,2010,3,'\0'),(923,8,3,460891,1912214,2010,3,'\0'),(924,8,4,817324,2215063,2010,3,'\0'),(925,8,1,5761717,7376310,2010,4,'\0'),(926,8,2,7549866,6504181,2010,4,''),(927,8,3,7044748,5665750,2010,4,''),(928,8,4,8331337,6529167,2010,4,''),(929,8,1,5628855,2302762,2010,5,''),(930,8,2,3490685,3179474,2010,5,''),(931,8,3,5772821,2756781,2010,5,''),(932,8,4,7433722,8444313,2010,5,'\0'),(933,8,1,2473113,8913536,2010,6,'\0'),(934,8,2,5686491,4671322,2010,6,''),(935,8,3,2008477,7853233,2010,6,'\0'),(936,8,4,34724,99194,2010,6,'\0'),(937,8,1,482850,7676387,2010,7,'\0'),(938,8,2,4401970,1899396,2010,7,''),(939,8,3,4533117,2929350,2010,7,''),(940,8,4,6414706,2541234,2010,7,''),(941,8,1,2314543,7776279,2010,8,'\0'),(942,8,2,1439570,8154828,2010,8,'\0'),(943,8,3,1854240,6440286,2010,8,'\0'),(944,8,4,3246103,7708218,2010,8,'\0'),(945,8,1,1871822,7593732,2010,9,'\0'),(946,8,2,5347753,3237626,2010,9,''),(947,8,3,1206434,2316104,2010,9,'\0'),(948,8,4,2504571,2074030,2010,9,''),(949,8,1,5060644,7957637,2010,10,'\0'),(950,8,2,4832928,3994538,2010,10,''),(951,8,3,7374205,2747828,2010,10,''),(952,8,4,460791,4493677,2010,10,'\0'),(953,8,1,1774509,2270204,2010,11,'\0'),(954,8,2,1691449,5917526,2010,11,'\0'),(955,8,3,715560,7988198,2010,11,'\0'),(956,8,4,5194288,8032759,2010,11,'\0'),(957,8,1,3613624,4851695,2010,12,'\0'),(958,8,2,6828118,1713005,2010,12,''),(959,8,3,3015221,6639800,2010,12,'\0'),(960,8,4,2320700,5816512,2010,12,'\0'),(961,9,1,3091916,1102607,2010,1,''),(962,9,2,4177571,6001999,2010,1,'\0'),(963,9,3,7046423,153209,2010,1,''),(964,9,4,8873886,4183618,2010,1,''),(965,9,1,335815,2330946,2010,2,'\0'),(966,9,2,6594960,8561378,2010,2,'\0'),(967,9,3,6970153,1507816,2010,2,''),(968,9,4,7534294,679906,2010,2,''),(969,9,1,2528691,3342267,2010,3,'\0'),(970,9,2,6032353,5766325,2010,3,''),(971,9,3,8950767,5297988,2010,3,''),(972,9,4,5644978,5677121,2010,3,'\0'),(973,9,1,2604877,3140120,2010,4,'\0'),(974,9,2,567234,1144192,2010,4,'\0'),(975,9,3,2616885,697218,2010,4,''),(976,9,4,6706692,8651914,2010,4,'\0'),(977,9,1,8947161,8334567,2010,5,''),(978,9,2,4099522,3199900,2010,5,''),(979,9,3,2246465,2022921,2010,5,''),(980,9,4,8293444,8410193,2010,5,'\0'),(981,9,1,2091666,4106425,2010,6,'\0'),(982,9,2,783527,5923050,2010,6,'\0'),(983,9,3,7804965,1874536,2010,6,''),(984,9,4,7579937,3792017,2010,6,''),(985,9,1,2694024,5824886,2010,7,'\0'),(986,9,2,6511220,2636880,2010,7,''),(987,9,3,8215503,6067588,2010,7,''),(988,9,4,6922284,5642167,2010,7,''),(989,9,1,5260746,666182,2010,8,''),(990,9,2,6013249,5099237,2010,8,''),(991,9,3,7489916,5836362,2010,8,''),(992,9,4,5183420,7081565,2010,8,'\0'),(993,9,1,2399693,4830936,2010,9,'\0'),(994,9,2,4394098,6015734,2010,9,'\0'),(995,9,3,2599622,6027846,2010,9,'\0'),(996,9,4,7744607,4364688,2010,9,''),(997,9,1,2593566,5207874,2010,10,'\0'),(998,9,2,2167790,5375211,2010,10,'\0'),(999,9,3,6215201,5259617,2010,10,''),(1000,9,4,394447,858138,2010,10,'\0'),(1001,9,1,750302,6581526,2010,11,'\0'),(1002,9,2,2110552,7267703,2010,11,'\0'),(1003,9,3,2693598,6264294,2010,11,'\0'),(1004,9,4,5536792,925522,2010,11,''),(1005,9,1,7034295,2731608,2010,12,''),(1006,9,2,5496839,4095024,2010,12,''),(1007,9,3,6941840,1893241,2010,12,''),(1008,9,4,8408983,2753803,2010,12,''),(1009,10,1,7732360,7021708,2010,1,''),(1010,10,2,2535124,3334164,2010,1,'\0'),(1011,10,3,2036202,1502165,2010,1,''),(1012,10,4,2251800,1406271,2010,1,''),(1013,10,1,4158307,1324964,2010,2,''),(1014,10,2,69864,1263632,2010,2,'\0'),(1015,10,3,1725691,2691270,2010,2,'\0'),(1016,10,4,7622539,6637291,2010,2,''),(1017,10,1,7850077,6384349,2010,3,''),(1018,10,2,5866050,8312900,2010,3,'\0'),(1019,10,3,198797,4622615,2010,3,'\0'),(1020,10,4,4292638,1253998,2010,3,''),(1021,10,1,7563320,1955271,2010,4,''),(1022,10,2,8042739,7945126,2010,4,''),(1023,10,3,5742375,8387339,2010,4,'\0'),(1024,10,4,4421217,2060068,2010,4,''),(1025,10,1,6815325,3328095,2010,5,''),(1026,10,2,8471980,3233280,2010,5,''),(1027,10,3,6171602,6145416,2010,5,''),(1028,10,4,2945989,666755,2010,5,''),(1029,10,1,7983207,78277,2010,6,''),(1030,10,2,209541,1539860,2010,6,'\0'),(1031,10,3,4159878,8010575,2010,6,'\0'),(1032,10,4,2382910,4706316,2010,6,'\0'),(1033,10,1,1210273,5141750,2010,7,'\0'),(1034,10,2,6273836,5960335,2010,7,''),(1035,10,3,1847613,4903066,2010,7,'\0'),(1036,10,4,5475988,6233015,2010,7,'\0'),(1037,10,1,624443,5563225,2010,8,'\0'),(1038,10,2,2339481,3440482,2010,8,'\0'),(1039,10,3,5358782,1842907,2010,8,''),(1040,10,4,6388665,3346824,2010,8,''),(1041,10,1,1622668,4515059,2010,9,'\0'),(1042,10,2,7161838,4727757,2010,9,''),(1043,10,3,5104167,6406288,2010,9,'\0'),(1044,10,4,4378161,5325017,2010,9,'\0'),(1045,10,1,5225218,4434347,2010,10,''),(1046,10,2,5799017,4566884,2010,10,''),(1047,10,3,7000178,3317773,2010,10,''),(1048,10,4,3144198,7796780,2010,10,'\0'),(1049,10,1,5753776,8375896,2010,11,'\0'),(1050,10,2,2947683,2799788,2010,11,''),(1051,10,3,2982182,2400956,2010,11,''),(1052,10,4,6293514,7746011,2010,11,'\0'),(1053,10,1,2337214,1928745,2010,12,''),(1054,10,2,1959109,4280049,2010,12,'\0'),(1055,10,3,5441219,6360244,2010,12,'\0'),(1056,10,4,3611560,4377470,2010,12,'\0'),(1057,11,1,6998983,6293860,2010,1,''),(1058,11,2,4351878,7762025,2010,1,'\0'),(1059,11,3,2463036,8116407,2010,1,'\0'),(1060,11,4,8082791,6131413,2010,1,''),(1061,11,1,6330018,7370698,2010,2,'\0'),(1062,11,2,887625,5174802,2010,2,'\0'),(1063,11,3,7998330,3668549,2010,2,''),(1064,11,4,7850970,3381891,2010,2,''),(1065,11,1,7001043,8950270,2010,3,'\0'),(1066,11,2,8526236,5941127,2010,3,''),(1067,11,3,5343112,8705177,2010,3,'\0'),(1068,11,4,5560870,3603860,2010,3,''),(1069,11,1,618217,1362364,2010,4,'\0'),(1070,11,2,2826918,4251477,2010,4,'\0'),(1071,11,3,7558090,6436999,2010,4,''),(1072,11,4,4772796,3044254,2010,4,''),(1073,11,1,675990,8174585,2010,5,'\0'),(1074,11,2,2611521,7453430,2010,5,'\0'),(1075,11,3,1705996,8374128,2010,5,'\0'),(1076,11,4,3391330,5182183,2010,5,'\0'),(1077,11,1,611120,6790885,2010,6,'\0'),(1078,11,2,7956549,2966480,2010,6,''),(1079,11,3,5035744,7020330,2010,6,'\0'),(1080,11,4,2299696,513413,2010,6,''),(1081,11,1,1211702,7047204,2010,7,'\0'),(1082,11,2,7830247,4382467,2010,7,''),(1083,11,3,4492332,6706993,2010,7,'\0'),(1084,11,4,3641167,4444277,2010,7,'\0'),(1085,11,1,5885166,7151914,2010,8,'\0'),(1086,11,2,5941170,4661766,2010,8,''),(1087,11,3,3181399,6039447,2010,8,'\0'),(1088,11,4,2438910,330185,2010,8,''),(1089,11,1,1539124,7568696,2010,9,'\0'),(1090,11,2,6614650,8585396,2010,9,'\0'),(1091,11,3,3667333,5678321,2010,9,'\0'),(1092,11,4,4495671,5943876,2010,9,'\0'),(1093,11,1,8078967,4689529,2010,10,''),(1094,11,2,3763562,3873217,2010,10,'\0'),(1095,11,3,3233853,428569,2010,10,''),(1096,11,4,6764720,6908581,2010,10,'\0'),(1097,11,1,2776148,5395421,2010,11,'\0'),(1098,11,2,269794,2628336,2010,11,'\0'),(1099,11,3,6485948,6858829,2010,11,'\0'),(1100,11,4,4633453,6881242,2010,11,'\0'),(1101,11,1,5011015,6852566,2010,12,'\0'),(1102,11,2,6342828,8017930,2010,12,'\0'),(1103,11,3,8922099,8923786,2010,12,'\0'),(1104,11,4,2811054,5520950,2010,12,'\0'),(1105,12,1,6144144,5141563,2010,1,''),(1106,12,2,3671845,6350597,2010,1,'\0'),(1107,12,3,6355684,3312163,2010,1,''),(1108,12,4,8761634,5527756,2010,1,''),(1109,12,1,7520043,8567357,2010,2,'\0'),(1110,12,2,8437746,5960410,2010,2,''),(1111,12,3,6314469,4493028,2010,2,''),(1112,12,4,7874248,8287015,2010,2,'\0'),(1113,12,1,8857153,6747572,2010,3,''),(1114,12,2,8501508,2557837,2010,3,''),(1115,12,3,1797091,6683060,2010,3,'\0'),(1116,12,4,2811188,4904412,2010,3,'\0'),(1117,12,1,7528048,1826868,2010,4,''),(1118,12,2,2335277,4957666,2010,4,'\0'),(1119,12,3,5015447,1207425,2010,4,''),(1120,12,4,3725974,7666829,2010,4,'\0'),(1121,12,1,8483734,3415005,2010,5,''),(1122,12,2,512603,5344108,2010,5,'\0'),(1123,12,3,7001889,5976924,2010,5,''),(1124,12,4,2292438,7214221,2010,5,'\0'),(1125,12,1,1825964,8096247,2010,6,'\0'),(1126,12,2,5824223,5483220,2010,6,''),(1127,12,3,1210131,3054082,2010,6,'\0'),(1128,12,4,736312,3957632,2010,6,'\0'),(1129,12,1,2281465,4607779,2010,7,'\0'),(1130,12,2,8335807,5542816,2010,7,''),(1131,12,3,4488771,6530800,2010,7,'\0'),(1132,12,4,7310717,3528528,2010,7,''),(1133,12,1,4081991,3034782,2010,8,''),(1134,12,2,6954053,8430015,2010,8,'\0'),(1135,12,3,2056352,8190268,2010,8,'\0'),(1136,12,4,1906986,3294607,2010,8,'\0'),(1137,12,1,4004104,7619829,2010,9,'\0'),(1138,12,2,8317561,4806584,2010,9,''),(1139,12,3,6356840,675761,2010,9,''),(1140,12,4,3742178,8227216,2010,9,'\0'),(1141,12,1,4572587,8034258,2010,10,'\0'),(1142,12,2,1078877,5192234,2010,10,'\0'),(1143,12,3,7924454,1138994,2010,10,''),(1144,12,4,6314753,8655559,2010,10,'\0'),(1145,12,1,1681405,3209172,2010,11,'\0'),(1146,12,2,4894115,7816023,2010,11,'\0'),(1147,12,3,3636727,590693,2010,11,''),(1148,12,4,6069756,7692839,2010,11,'\0'),(1149,12,1,8136107,2073728,2010,12,''),(1150,12,2,7686573,126024,2010,12,''),(1151,12,3,1984727,426012,2010,12,''),(1152,12,4,2464952,8369485,2010,12,'\0');
/*!40000 ALTER TABLE `estado_resultados` ENABLE KEYS */;
UNLOCK TABLES;
/*!40103 SET TIME_ZONE=@OLD_TIME_ZONE */;

/*!40101 SET SQL_MODE=@OLD_SQL_MODE */;
/*!40014 SET FOREIGN_KEY_CHECKS=@OLD_FOREIGN_KEY_CHECKS */;
/*!40014 SET UNIQUE_CHECKS=@OLD_UNIQUE_CHECKS */;
/*!40101 SET CHARACTER_SET_CLIENT=@OLD_CHARACTER_SET_CLIENT */;
/*!40101 SET CHARACTER_SET_RESULTS=@OLD_CHARACTER_SET_RESULTS */;
/*!40101 SET COLLATION_CONNECTION=@OLD_COLLATION_CONNECTION */;
/*!40111 SET SQL_NOTES=@OLD_SQL_NOTES */;

-- Dump completed on 2012-05-17 19:55:33
