-- MySQL Administrator dump 1.4
--
-- ------------------------------------------------------
-- Server version	5.1.50-community


/*!40101 SET @OLD_CHARACTER_SET_CLIENT=@@CHARACTER_SET_CLIENT */;
/*!40101 SET @OLD_CHARACTER_SET_RESULTS=@@CHARACTER_SET_RESULTS */;
/*!40101 SET @OLD_COLLATION_CONNECTION=@@COLLATION_CONNECTION */;
/*!40101 SET NAMES utf8 */;

/*!40014 SET @OLD_UNIQUE_CHECKS=@@UNIQUE_CHECKS, UNIQUE_CHECKS=0 */;
/*!40014 SET @OLD_FOREIGN_KEY_CHECKS=@@FOREIGN_KEY_CHECKS, FOREIGN_KEY_CHECKS=0 */;
/*!40101 SET @OLD_SQL_MODE=@@SQL_MODE, SQL_MODE='NO_AUTO_VALUE_ON_ZERO' */;


--
-- Create schema banco
--

CREATE DATABASE IF NOT EXISTS banco;
USE banco;

--
-- Definition of table `bancos`
--

DROP TABLE IF EXISTS `bancos`;
CREATE TABLE `bancos` (
  `id_banco` int(11) NOT NULL AUTO_INCREMENT,
  `nom_banco` varchar(100) NOT NULL,
  PRIMARY KEY (`id_banco`)
) ENGINE=InnoDB AUTO_INCREMENT=14 DEFAULT CHARSET=latin1;

--
-- Dumping data for table `bancos`
--

/*!40000 ALTER TABLE `bancos` DISABLE KEYS */;
INSERT INTO `bancos` (`id_banco`,`nom_banco`) VALUES 
 (1,'Banco yo'),
 (2,'Banco de la republica'),
 (3,'Banco Bancomer'),
 (4,'Banco Banamex'),
 (5,'Banco Inverlat'),
 (6,'Banco Bx+'),
 (7,'Banco Santander Sefin'),
 (8,'Banco Nacional Financiera'),
 (9,'Banco Banregio'),
 (10,'Banco Banorte'),
 (11,'Banco HSBC'),
 (12,'Banco de Mexico'),
 (13,'Banco Azteca');
/*!40000 ALTER TABLE `bancos` ENABLE KEYS */;


--
-- Definition of table `departamentos`
--

DROP TABLE IF EXISTS `departamentos`;
CREATE TABLE `departamentos` (
  `id_depto` int(11) NOT NULL AUTO_INCREMENT,
  `desc_depto` varchar(50) NOT NULL,
  PRIMARY KEY (`id_depto`)
) ENGINE=InnoDB AUTO_INCREMENT=5 DEFAULT CHARSET=latin1;

--
-- Dumping data for table `departamentos`
--

/*!40000 ALTER TABLE `departamentos` DISABLE KEYS */;
INSERT INTO `departamentos` (`id_depto`,`desc_depto`) VALUES 
 (1,'Manejo de fondos'),
 (2,'Monetaria'),
 (3,'Politica'),
 (4,'Sistemas financieros');
/*!40000 ALTER TABLE `departamentos` ENABLE KEYS */;


--
-- Definition of table `estado_resultados`
--

DROP TABLE IF EXISTS `estado_resultados`;
CREATE TABLE `estado_resultados` (
  `id_edo` int(11) NOT NULL AUTO_INCREMENT,
  `id_banco` int(11) NOT NULL,
  `id_dep` int(11) NOT NULL,
  `ingresos` double DEFAULT NULL,
  `egresos` double DEFAULT NULL,
  `liquidez` float DEFAULT NULL,
  `solvencia` float DEFAULT NULL,
  `año` int(11) DEFAULT NULL,
  `mes` int(11) DEFAULT NULL,
  `flag` bit(1) DEFAULT NULL,
  PRIMARY KEY (`id_edo`),
  KEY `id_banco` (`id_banco`),
  KEY `id_dep` (`id_dep`),
  CONSTRAINT `estado_resultados_ibfk_1` FOREIGN KEY (`id_banco`) REFERENCES `bancos` (`id_banco`) ON UPDATE CASCADE,
  CONSTRAINT `estado_resultados_ibfk_2` FOREIGN KEY (`id_dep`) REFERENCES `departamentos` (`id_depto`) ON UPDATE CASCADE
) ENGINE=InnoDB AUTO_INCREMENT=1201 DEFAULT CHARSET=latin1;

--
-- Dumping data for table `estado_resultados`
--

/*!40000 ALTER TABLE `estado_resultados` DISABLE KEYS */;
INSERT INTO `estado_resultados` (`id_edo`,`id_banco`,`id_dep`,`ingresos`,`egresos`,`liquidez`,`solvencia`,`año`,`mes`,`flag`) VALUES 
 (1,1,1,8070,18619,0.117219,0.143075,2011,1,0x01),
 (2,1,2,19570,5333,0.0500749,0.428805,2011,1,0x01),
 (3,1,3,2566,2526,0.755376,0.200703,2011,1,0x01),
 (4,1,4,14260,5389,0.574251,0.502509,2011,1,0x01),
 (5,1,1,12739,7006,0.170523,0.311307,2011,2,0x01),
 (6,1,2,17908,4952,0.791289,0.916207,2011,2,0x01),
 (7,1,3,9200,13153,0.556641,0.958929,2011,2,0x01),
 (8,1,4,15991,16067,0.946154,0.878378,2011,2,0x01),
 (9,1,1,22357,11238,0.349991,0.521825,2011,3,0x01),
 (10,1,2,839,13639,0.408872,0.112048,2011,3,0x01),
 (11,1,3,29970,15155,0.879892,0.592803,2011,3,0x01),
 (12,1,4,27683,5854,0.934105,0.614253,2011,3,0x01),
 (13,1,1,7237,4558,0.116968,0.0654934,2011,4,0x01),
 (14,1,2,13993,13482,0.684215,0.113062,2011,4,0x01),
 (15,1,3,289,491,0.663405,0.162333,2011,4,0x01),
 (16,1,4,1733,4729,0.785339,0.0229625,2011,4,0x01),
 (17,1,1,1501,10079,0.379739,0.830038,2011,5,0x01),
 (18,1,2,19704,8086,0.436024,0.94937,2011,5,0x01),
 (19,1,3,12519,17578,0.292714,0.178349,2011,5,0x01),
 (20,1,4,10609,3354,0.837942,0.0430585,2011,5,0x01),
 (21,1,1,28404,13854,0.678739,0.887842,2011,6,0x01),
 (22,1,2,24991,12775,0.468219,0.755284,2011,6,0x01),
 (23,1,3,13779,4093,0.467469,0.762561,2011,6,0x01),
 (24,1,4,21693,1954,0.462905,0.794387,2011,6,0x01),
 (25,1,1,9390,14295,0.360051,0.85328,2011,7,0x01),
 (26,1,2,1997,3015,0.131128,0.334647,2011,7,0x01),
 (27,1,3,4975,7876,0.306563,0.827159,2011,7,0x01),
 (28,1,4,12072,3155,0.869446,0.778191,2011,7,0x01),
 (29,1,1,1839,8421,0.237173,0.509578,2011,8,0x01),
 (30,1,2,5897,1551,0.99595,0.620702,2011,8,0x01),
 (31,1,3,6033,7408,0.191551,0.773938,2011,8,0x01),
 (32,1,4,18299,15288,0.273623,0.221749,2011,8,0x01),
 (33,1,1,539,455,0.241076,0.205203,2011,9,0x01),
 (34,1,2,25255,9753,0.142512,0.530489,2011,9,0x01),
 (35,1,3,12350,6397,0.848345,0.21296,2011,9,0x01),
 (36,1,4,16111,18664,0.930223,0.0675381,2011,9,0x01),
 (37,1,1,7861,4260,0.558542,0.519794,2011,10,0x01),
 (38,1,2,29855,1687,0.560292,0.713784,2011,10,0x01),
 (39,1,3,17448,12935,0.167186,0.200739,2011,10,0x01),
 (40,1,4,5110,18305,0.527937,0.106933,2011,10,0x01),
 (41,1,1,27651,11107,0.758779,0.699609,2011,11,0x01),
 (42,1,2,20979,9391,0.162742,0.696557,2011,11,0x01),
 (43,1,3,26848,7758,0.260909,0.497965,2011,11,0x01),
 (44,1,4,13402,2647,0.447808,0.758435,2011,11,0x01),
 (45,1,1,27828,8292,0.408318,0.362521,2011,12,0x01),
 (46,1,2,9161,4871,0.914873,0.918965,2011,12,0x01),
 (47,1,3,18149,6093,0.261477,0.346756,2011,12,0x01),
 (48,1,4,7200,7703,0.384972,0.990429,2011,12,0x01),
 (49,2,1,4463,1715,0.674197,0.972526,2010,1,0x00),
 (50,2,2,16259,9968,0.574134,0.167884,2010,1,0x00),
 (51,2,3,8210,21458,0.354805,0.26744,2010,1,0x00),
 (52,2,4,13592,17676,0.833669,0.88848,2010,1,0x00),
 (53,2,1,18639,15055,0.415421,0.5838,2010,2,0x00),
 (54,2,2,15848,11,0.544569,0.903961,2010,2,0x00),
 (55,2,3,789,29763,0.55386,0.374871,2010,2,0x00),
 (56,2,4,6027,12862,0.935545,0.367151,2010,2,0x00),
 (57,2,1,19643,18286,0.262701,0.354274,2010,3,0x00),
 (58,2,2,7785,16552,0.344254,0.9832,2010,3,0x00),
 (59,2,3,10782,20588,0.710043,0.714274,2010,3,0x00),
 (60,2,4,10607,18068,0.191223,0.52636,2010,3,0x00),
 (61,2,1,13762,20601,0.186484,0.328749,2010,4,0x00),
 (62,2,2,18206,8481,0.186017,0.27309,2010,4,0x00),
 (63,2,3,15476,12779,0.262857,0.116624,2010,4,0x00),
 (64,2,4,19916,9250,0.535171,0.152262,2010,4,0x00),
 (65,2,1,15771,10960,0.0532512,0.991539,2010,5,0x00),
 (66,2,2,9846,8633,0.171435,0.663246,2010,5,0x00),
 (67,2,3,12582,9498,0.227848,0.0735516,2010,5,0x00),
 (68,2,4,3559,26905,0.273836,0.862667,2010,5,0x00),
 (69,2,1,8847,4125,0.670109,0.0886392,2010,6,0x00),
 (70,2,2,7043,16607,0.598119,0.970597,2010,6,0x00),
 (71,2,3,8473,7509,0.922837,0.131786,2010,6,0x00),
 (72,2,4,17737,1524,0.387071,0.396988,2010,6,0x00),
 (73,2,1,13619,1959,0.817654,0.21944,2010,7,0x00),
 (74,2,2,2385,25609,0.880276,0.239098,2010,7,0x00),
 (75,2,3,553,19249,0.932421,0.307122,2010,7,0x00),
 (76,2,4,1469,570,0.692834,0.550719,2010,7,0x00),
 (77,2,1,16360,5010,0.771123,0.697957,2010,8,0x00),
 (78,2,2,15004,28313,0.582553,0.93397,2010,8,0x00),
 (79,2,3,3764,2664,0.81077,0.0179265,2010,8,0x00),
 (80,2,4,9449,11978,0.375177,0.254444,2010,8,0x00),
 (81,2,1,6318,29352,0.809823,0.183603,2010,9,0x00),
 (82,2,2,10503,16750,0.0671588,0.530484,2010,9,0x00),
 (83,2,3,11246,13818,0.0226931,0.0381689,2010,9,0x00),
 (84,2,4,11549,29180,0.37551,0.297381,2010,9,0x00),
 (85,2,1,12189,23716,0.214839,0.581483,2010,10,0x00),
 (86,2,2,12525,21216,0.254277,0.997261,2010,10,0x00),
 (87,2,3,19125,27286,0.62299,0.969987,2010,10,0x00),
 (88,2,4,8958,2651,0.147147,0.195452,2010,10,0x00),
 (89,2,1,7732,1885,0.255032,0.712228,2010,11,0x00),
 (90,2,2,15967,23211,0.995747,0.674112,2010,11,0x00),
 (91,2,3,5450,9304,0.174087,0.735782,2010,11,0x00),
 (92,2,4,16962,2982,0.273135,0.703888,2010,11,0x00),
 (93,2,1,16521,15362,0.66131,0.251354,2010,12,0x00),
 (94,2,2,11831,27393,0.562039,0.044407,2010,12,0x00),
 (95,2,3,13262,18708,0.401948,0.589847,2010,12,0x00),
 (96,2,4,4369,10471,0.447365,0.474361,2010,12,0x00),
 (97,3,1,5840,11319,0.0891797,0.438159,2010,1,0x00),
 (98,3,2,13715,7561,0.742501,0.901979,2010,1,0x00),
 (99,3,3,7816,20636,0.0902726,0.149525,2010,1,0x00),
 (100,3,4,19570,6246,0.31896,0.356658,2010,1,0x00),
 (101,3,1,19721,10809,0.0695891,0.0541419,2010,2,0x00),
 (102,3,2,15947,11658,0.0588874,0.41255,2010,2,0x00),
 (103,3,3,17933,28009,0.712972,0.945898,2010,2,0x00),
 (104,3,4,13241,19903,0.699952,0.844868,2010,2,0x00),
 (105,3,1,1116,22263,0.94804,0.17096,2010,3,0x00),
 (106,3,2,13358,20801,0.592179,0.5697,2010,3,0x00),
 (107,3,3,11493,15784,0.304926,0.994009,2010,3,0x00),
 (108,3,4,7690,28668,0.63623,0.168119,2010,3,0x00),
 (109,3,1,13214,5247,0.311988,0.167916,2010,4,0x00),
 (110,3,2,12695,27329,0.922672,0.545358,2010,4,0x00),
 (111,3,3,15080,12977,0.0710245,0.882614,2010,4,0x00),
 (112,3,4,2840,23092,0.841776,0.525836,2010,4,0x00),
 (113,3,1,9902,19507,0.406524,0.518976,2010,5,0x00),
 (114,3,2,5681,16883,0.683354,0.434827,2010,5,0x00),
 (115,3,3,7750,27468,0.233486,0.883463,2010,5,0x00),
 (116,3,4,8852,14258,0.996185,0.967529,2010,5,0x00),
 (117,3,1,5358,4275,0.0383337,0.849319,2010,6,0x00),
 (118,3,2,13704,19500,0.226559,0.896344,2010,6,0x00),
 (119,3,3,18957,28567,0.617461,0.580118,2010,6,0x00),
 (120,3,4,15393,27516,0.405456,0.41712,2010,6,0x00),
 (121,3,1,12794,12857,0.467939,0.761413,2010,7,0x00),
 (122,3,2,14155,4738,0.90391,0.185165,2010,7,0x00),
 (123,3,3,608,2366,0.474914,0.516298,2010,7,0x00),
 (124,3,4,7545,7744,0.526075,0.341792,2010,7,0x00),
 (125,3,1,2329,17488,0.790225,0.930634,2010,8,0x00),
 (126,3,2,18408,25816,0.459534,0.0821869,2010,8,0x00),
 (127,3,3,3261,4856,0.0467868,0.363755,2010,8,0x00),
 (128,3,4,18344,11127,0.852373,0.56538,2010,8,0x00),
 (129,3,1,8016,19467,0.303243,0.970401,2010,9,0x00),
 (130,3,2,11432,27790,0.0365615,0.217097,2010,9,0x00),
 (131,3,3,6469,17823,0.363448,0.109685,2010,9,0x00),
 (132,3,4,7977,8464,0.667164,0.726281,2010,9,0x00),
 (133,3,1,13996,29559,0.365294,0.566857,2010,10,0x00),
 (134,3,2,3054,24739,0.296912,0.286053,2010,10,0x00),
 (135,3,3,13258,12510,0.783415,0.763664,2010,10,0x00),
 (136,3,4,19604,4998,0.155673,0.879907,2010,10,0x00),
 (137,3,1,9802,23676,0.240303,0.383069,2010,11,0x00),
 (138,3,2,855,984,0.154352,0.663902,2010,11,0x00),
 (139,3,3,18747,26061,0.770366,0.0841224,2010,11,0x00),
 (140,3,4,1829,11766,0.382736,0.745659,2010,11,0x00),
 (141,3,1,4801,8826,0.43146,0.232766,2010,12,0x00),
 (142,3,2,14707,1325,0.620844,0.910916,2010,12,0x00),
 (143,3,3,2912,25735,0.408425,0.824345,2010,12,0x00),
 (144,3,4,7808,3473,0.633284,0.0984404,2010,12,0x00),
 (145,4,1,11774,4341,0.00315524,0.0236107,2010,1,0x00),
 (146,4,2,2958,5304,0.266167,0.674075,2010,1,0x00),
 (147,4,3,17490,25888,0.155738,0.998005,2010,1,0x00),
 (148,4,4,1003,27899,0.616108,0.804697,2010,1,0x00),
 (149,4,1,9640,13373,0.391189,0.969992,2010,2,0x00),
 (150,4,2,10248,20492,0.790827,0.482873,2010,2,0x00),
 (151,4,3,17018,22740,0.336319,0.66423,2010,2,0x00),
 (152,4,4,17568,1810,0.0309114,0.00299041,2010,2,0x00),
 (153,4,1,15318,29668,0.201262,0.57536,2010,3,0x00),
 (154,4,2,6973,19795,0.212242,0.939651,2010,3,0x00),
 (155,4,3,4018,1904,0.870188,0.732195,2010,3,0x00),
 (156,4,4,15383,18415,0.998633,0.929099,2010,3,0x00),
 (157,4,1,14736,4613,0.495751,0.884087,2010,4,0x00),
 (158,4,2,384,7791,0.16421,0.804472,2010,4,0x00),
 (159,4,3,18325,3697,0.741782,0.285255,2010,4,0x00),
 (160,4,4,19726,11329,0.855057,0.885656,2010,4,0x00),
 (161,4,1,2968,29551,0.0687663,0.502859,2010,5,0x00),
 (162,4,2,7333,21084,0.809665,0.474519,2010,5,0x00),
 (163,4,3,545,21215,0.70665,0.924595,2010,5,0x00),
 (164,4,4,15585,20065,0.807709,0.856315,2010,5,0x00),
 (165,4,1,3526,28377,0.209481,0.891599,2010,6,0x00),
 (166,4,2,18650,17682,0.866701,0.358027,2010,6,0x00),
 (167,4,3,19669,16196,0.736436,0.632429,2010,6,0x00),
 (168,4,4,16611,22057,0.956021,0.264446,2010,6,0x00),
 (169,4,1,16781,25402,0.453756,0.423925,2010,7,0x00),
 (170,4,2,5173,403,0.24789,0.642747,2010,7,0x00),
 (171,4,3,14811,7638,0.702127,0.654713,2010,7,0x00),
 (172,4,4,711,6191,0.17479,0.376367,2010,7,0x00),
 (173,4,1,7533,13494,0.824032,0.717136,2010,8,0x00),
 (174,4,2,15410,29300,0.812876,0.95894,2010,8,0x00),
 (175,4,3,1100,8208,0.795602,0.903404,2010,8,0x00),
 (176,4,4,2287,2876,0.36091,0.8491,2010,8,0x00),
 (177,4,1,1717,7487,0.0575145,0.731728,2010,9,0x00),
 (178,4,2,14841,18110,0.734245,0.436903,2010,9,0x00),
 (179,4,3,9709,3411,0.189446,0.378238,2010,9,0x00),
 (180,4,4,11105,25627,0.54339,0.922668,2010,9,0x00),
 (181,4,1,2250,27874,0.322634,0.140444,2010,10,0x00),
 (182,4,2,16866,19729,0.976688,0.659022,2010,10,0x00),
 (183,4,3,12014,18541,0.435056,0.108047,2010,10,0x00),
 (184,4,4,7814,29172,0.356647,0.75691,2010,10,0x00),
 (185,4,1,14019,29759,0.923785,0.466855,2010,11,0x00),
 (186,4,2,15392,25708,0.389435,0.00636928,2010,11,0x00),
 (187,4,3,17916,18402,0.09902,0.111607,2010,11,0x00),
 (188,4,4,6104,19093,0.377091,0.412842,2010,11,0x00),
 (189,4,1,8013,2097,0.494354,0.493471,2010,12,0x00),
 (190,4,2,9057,14774,0.911974,0.899812,2010,12,0x00),
 (191,4,3,18278,14802,0.137785,0.878009,2010,12,0x00),
 (192,4,4,11497,27975,0.822978,0.978537,2010,12,0x00),
 (193,5,1,14590,12193,0.178022,0.439382,2010,1,0x00),
 (194,5,2,7100,25372,0.393052,0.435671,2010,1,0x00),
 (195,5,3,1522,6820,0.510601,0.866576,2010,1,0x00),
 (196,5,4,6793,3092,0.117554,0.339544,2010,1,0x00),
 (197,5,1,15888,491,0.298353,0.407437,2010,2,0x00),
 (198,5,2,6867,27233,0.522959,0.915898,2010,2,0x00),
 (199,5,3,14358,8852,0.530748,0.526295,2010,2,0x00),
 (200,5,4,14142,10610,0.815478,0.0938348,2010,2,0x00),
 (201,5,1,7375,619,0.0166566,0.600945,2010,3,0x00),
 (202,5,2,12960,26964,0.379086,0.77279,2010,3,0x00),
 (203,5,3,16656,1421,0.455043,0.334792,2010,3,0x00),
 (204,5,4,3763,21310,0.392523,0.111281,2010,3,0x00),
 (205,5,1,18542,19720,0.478142,0.809912,2010,4,0x00),
 (206,5,2,8026,2664,0.0847716,0.388236,2010,4,0x00),
 (207,5,3,455,29769,0.811632,0.356834,2010,4,0x00),
 (208,5,4,19308,12843,0.398563,0.237668,2010,4,0x00),
 (209,5,1,2735,14055,0.946346,0.66681,2010,5,0x00),
 (210,5,2,5188,12559,0.0814275,0.307488,2010,5,0x00),
 (211,5,3,3119,15217,0.966056,0.822361,2010,5,0x00),
 (212,5,4,9857,13505,0.473836,0.643231,2010,5,0x00),
 (213,5,1,6127,4869,0.425843,0.171877,2010,6,0x00),
 (214,5,2,12115,12663,0.513944,0.347473,2010,6,0x00),
 (215,5,3,4626,14304,0.425609,0.224052,2010,6,0x00),
 (216,5,4,18563,12528,0.728494,0.315733,2010,6,0x00),
 (217,5,1,5831,19545,0.273239,0.987943,2010,7,0x00),
 (218,5,2,16731,28465,0.229379,0.0996265,2010,7,0x00),
 (219,5,3,19008,10690,0.381965,0.43442,2010,7,0x00),
 (220,5,4,17930,21910,0.98543,0.198064,2010,7,0x00),
 (221,5,1,7155,23022,0.296444,0.00479888,2010,8,0x00),
 (222,5,2,4570,5632,0.888926,0.327265,2010,8,0x00),
 (223,5,3,9918,4843,0.992096,0.34244,2010,8,0x00),
 (224,5,4,1737,4751,0.386387,0.47038,2010,8,0x00),
 (225,5,1,9999,4488,0.842228,0.673081,2010,9,0x00),
 (226,5,2,17766,14744,0.693163,0.757487,2010,9,0x00),
 (227,5,3,349,26493,0.897467,0.509706,2010,9,0x00),
 (228,5,4,3601,15127,0.861351,0.476764,2010,9,0x00),
 (229,5,1,14383,24352,0.372056,0.607702,2010,10,0x00),
 (230,5,2,5687,15048,0.220587,0.7676,2010,10,0x00),
 (231,5,3,6492,24861,0.481512,0.346123,2010,10,0x00),
 (232,5,4,12177,24478,0.961221,0.796431,2010,10,0x00),
 (233,5,1,15132,26477,0.0262086,0.960802,2010,11,0x00),
 (234,5,2,17207,2235,0.879425,0.46609,2010,11,0x00),
 (235,5,3,5727,11665,0.365392,0.305127,2010,11,0x00),
 (236,5,4,13007,19525,0.553762,0.959448,2010,11,0x00),
 (237,5,1,15684,702,0.676176,0.0642362,2010,12,0x00),
 (238,5,2,4622,15241,0.472729,0.668113,2010,12,0x00),
 (239,5,3,8760,21889,0.642035,0.598435,2010,12,0x00),
 (240,5,4,6999,26703,0.882842,0.307001,2010,12,0x00),
 (241,6,1,11056,627,0.965341,0.841594,2010,1,0x00),
 (242,6,2,9205,17073,0.376749,0.26552,2010,1,0x00),
 (243,6,3,5907,27339,0.348456,0.930332,2010,1,0x00),
 (244,6,4,15556,18132,0.490947,0.496183,2010,1,0x00),
 (245,6,1,9933,1672,0.837938,0.489746,2010,2,0x00),
 (246,6,2,18400,24658,0.832593,0.491413,2010,2,0x00),
 (247,6,3,17505,27963,0.67636,0.751484,2010,2,0x00),
 (248,6,4,2342,14092,0.504976,0.149318,2010,2,0x00),
 (249,6,1,5912,4414,0.0563008,0.929927,2010,3,0x00),
 (250,6,2,4658,22714,0.851159,0.579237,2010,3,0x00),
 (251,6,3,18473,5948,0.421023,0.532282,2010,3,0x00),
 (252,6,4,1684,7038,0.785324,0.147814,2010,3,0x00),
 (253,6,1,7880,8197,0.206378,0.528345,2010,4,0x00),
 (254,6,2,15916,6642,0.231363,0.316397,2010,4,0x00),
 (255,6,3,7014,27591,0.168458,0.555725,2010,4,0x00),
 (256,6,4,3624,22130,0.438235,0.0705455,2010,4,0x00),
 (257,6,1,19532,20008,0.691544,0.586324,2010,5,0x00),
 (258,6,2,7710,19452,0.191629,0.992408,2010,5,0x00),
 (259,6,3,7451,27939,0.72086,0.729821,2010,5,0x00),
 (260,6,4,5603,29287,0.19145,0.276776,2010,5,0x00),
 (261,6,1,18033,23637,0.214684,0.0999806,2010,6,0x00),
 (262,6,2,6938,17698,0.114679,0.241577,2010,6,0x00),
 (263,6,3,17209,13209,0.260333,0.919532,2010,6,0x00),
 (264,6,4,794,21769,0.133123,0.133598,2010,6,0x00),
 (265,6,1,1820,14104,0.24856,0.289428,2010,7,0x00),
 (266,6,2,17255,1446,0.905591,0.280217,2010,7,0x00),
 (267,6,3,7938,5976,0.750897,0.298243,2010,7,0x00),
 (268,6,4,13063,6275,0.314029,0.88792,2010,7,0x00),
 (269,6,1,17538,22360,0.994461,0.397511,2010,8,0x00),
 (270,6,2,16114,3265,0.463143,0.0383927,2010,8,0x00),
 (271,6,3,10772,18139,0.0787786,0.218764,2010,8,0x00),
 (272,6,4,8586,9573,0.713045,0.682967,2010,8,0x00),
 (273,6,1,16129,25261,0.329132,0.258076,2010,9,0x00),
 (274,6,2,13444,11236,0.764442,0.686193,2010,9,0x00),
 (275,6,3,15733,6655,0.430982,0.103866,2010,9,0x00),
 (276,6,4,14097,26645,0.065919,0.219331,2010,9,0x00),
 (277,6,1,8051,25821,0.239984,0.133769,2010,10,0x00),
 (278,6,2,1974,20990,0.062826,0.0545388,2010,10,0x00),
 (279,6,3,15275,7051,0.412138,0.85634,2010,10,0x00),
 (280,6,4,11776,15364,0.0573154,0.560536,2010,10,0x00),
 (281,6,1,7643,18731,0.248591,0.323367,2010,11,0x00),
 (282,6,2,9188,21767,0.699054,0.450524,2010,11,0x00),
 (283,6,3,1965,9708,0.399641,0.288599,2010,11,0x00),
 (284,6,4,784,12686,0.376143,0.583148,2010,11,0x00),
 (285,6,1,16625,6154,0.322458,0.0386377,2010,12,0x00),
 (286,6,2,932,21498,0.0257757,0.367281,2010,12,0x00),
 (287,6,3,10311,13918,0.637061,0.071803,2010,12,0x00),
 (288,6,4,15431,27372,0.134166,0.571406,2010,12,0x00),
 (289,7,1,16751,18796,0.77508,0.0507338,2010,1,0x00),
 (290,7,2,6657,5912,0.945279,0.588384,2010,1,0x00),
 (291,7,3,12722,4714,0.565838,0.704516,2010,1,0x00),
 (292,7,4,9994,24228,0.147894,0.456387,2010,1,0x00),
 (293,7,1,1585,7249,0.654275,0.606117,2010,2,0x00),
 (294,7,2,16296,26664,0.560526,0.186778,2010,2,0x00),
 (295,7,3,19620,17477,0.895261,0.000898679,2010,2,0x00),
 (296,7,4,165,14876,0.583753,0.19971,2010,2,0x00),
 (297,7,1,17432,8602,0.118806,0.112012,2010,3,0x00),
 (298,7,2,18793,13490,0.439459,0.918247,2010,3,0x00),
 (299,7,3,13679,5310,0.910726,0.598425,2010,3,0x00),
 (300,7,4,11149,38,0.466541,0.821758,2010,3,0x00),
 (301,7,1,3404,3338,0.303273,0.0913946,2010,4,0x00),
 (302,7,2,12265,15383,0.992602,0.509401,2010,4,0x00),
 (303,7,3,8219,4191,0.520274,0.985139,2010,4,0x00),
 (304,7,4,2395,18355,0.551163,0.574441,2010,4,0x00),
 (305,7,1,628,17490,0.1713,0.90751,2010,5,0x00),
 (306,7,2,15806,15792,0.463931,0.34021,2010,5,0x00),
 (307,7,3,19729,10897,0.539412,0.546435,2010,5,0x00),
 (308,7,4,18973,16718,0.0576441,0.758486,2010,5,0x00),
 (309,7,1,589,5082,0.856992,0.757919,2010,6,0x00),
 (310,7,2,12935,26845,0.0350325,0.0210552,2010,6,0x00),
 (311,7,3,4534,8702,0.714215,0.131375,2010,6,0x00),
 (312,7,4,19590,7132,0.769427,0.685263,2010,6,0x00),
 (313,7,1,2627,5835,0.994677,0.438082,2010,7,0x00),
 (314,7,2,16681,27597,0.542539,0.364317,2010,7,0x00),
 (315,7,3,9609,5849,0.98271,0.638532,2010,7,0x00),
 (316,7,4,11247,15099,0.994953,0.283133,2010,7,0x00),
 (317,7,1,10555,23152,0.536932,0.374467,2010,8,0x00),
 (318,7,2,6307,1301,0.308852,0.250498,2010,8,0x00),
 (319,7,3,7522,11793,0.474538,0.121368,2010,8,0x00),
 (320,7,4,533,14523,0.89252,0.848339,2010,8,0x00),
 (321,7,1,18440,27374,0.560888,0.427195,2010,9,0x00),
 (322,7,2,5682,26698,0.586138,0.888871,2010,9,0x00),
 (323,7,3,5531,26223,0.748902,0.913143,2010,9,0x00),
 (324,7,4,11564,14142,0.658422,0.440417,2010,9,0x00),
 (325,7,1,15505,9312,0.562813,0.962213,2010,10,0x00),
 (326,7,2,13286,18340,0.113613,0.972663,2010,10,0x00),
 (327,7,3,18807,25850,0.770792,0.271357,2010,10,0x00),
 (328,7,4,564,10480,0.0783737,0.422148,2010,10,0x00),
 (329,7,1,182,9046,0.740984,0.693001,2010,11,0x00),
 (330,7,2,13857,922,0.288103,0.228763,2010,11,0x00),
 (331,7,3,17812,23971,0.125493,0.041714,2010,11,0x00),
 (332,7,4,17081,2328,0.942213,0.644033,2010,11,0x00),
 (333,7,1,13307,15006,0.766832,0.791805,2010,12,0x00),
 (334,7,2,1685,2656,0.447891,0.861974,2010,12,0x00),
 (335,7,3,19805,7814,0.971378,0.841632,2010,12,0x00),
 (336,7,4,1845,21740,0.821885,0.773305,2010,12,0x00),
 (337,8,1,670,11604,0.544372,0.770407,2010,1,0x01),
 (338,8,2,8307,1679,0.769839,0.393784,2010,1,0x01),
 (339,8,3,21748,5474,0.230972,0.263272,2010,1,0x01),
 (340,8,4,16909,10489,0.712709,0.267471,2010,1,0x01),
 (341,8,1,20065,17380,0.457917,0.630427,2010,2,0x01),
 (342,8,2,7849,4639,0.279796,0.395674,2010,2,0x01),
 (343,8,3,20777,12444,0.52031,0.596104,2010,2,0x01),
 (344,8,4,27907,12332,0.0379221,0.492383,2010,2,0x01),
 (345,8,1,1035,17757,0.608069,0.783147,2010,3,0x01),
 (346,8,2,14773,533,0.476285,0.616955,2010,3,0x01),
 (347,8,3,24001,10514,0.316566,0.569001,2010,3,0x01),
 (348,8,4,2532,11755,0.516514,0.484841,2010,3,0x01),
 (349,8,1,26332,14675,0.535991,0.238877,2010,4,0x01),
 (350,8,2,11363,15559,0.0674737,0.0071377,2010,4,0x01),
 (351,8,3,20005,3983,0.86397,0.611872,2010,4,0x01),
 (352,8,4,11098,15465,0.394331,0.859731,2010,4,0x01),
 (353,8,1,6909,11866,0.935965,0.565847,2010,5,0x01),
 (354,8,2,25811,6683,0.321424,0.132836,2010,5,0x01),
 (355,8,3,22077,17557,0.318001,0.136812,2010,5,0x01),
 (356,8,4,4054,11880,0.538468,0.361689,2010,5,0x01),
 (357,8,1,8976,18479,0.856226,0.11863,2010,6,0x01),
 (358,8,2,16917,8887,0.529621,0.489196,2010,6,0x01),
 (359,8,3,17742,703,0.627866,0.338798,2010,6,0x01),
 (360,8,4,3541,6048,0.894945,0.561299,2010,6,0x01),
 (361,8,1,24762,18042,0.88808,0.0361005,2010,7,0x01),
 (362,8,2,1245,12641,0.0837914,0.205858,2010,7,0x01),
 (363,8,3,29504,6089,0.657258,0.015909,2010,7,0x01),
 (364,8,4,4907,17540,0.809652,0.19582,2010,7,0x01),
 (365,8,1,11988,7257,0.843301,0.508916,2010,8,0x01),
 (366,8,2,17750,18084,0.66599,0.647454,2010,8,0x01),
 (367,8,3,1802,5624,0.0433933,0.909075,2010,8,0x01),
 (368,8,4,23185,12797,0.712593,0.65445,2010,8,0x01),
 (369,8,1,7057,149,0.419817,0.816538,2010,9,0x01),
 (370,8,2,4854,9424,0.0519816,0.408633,2010,9,0x01),
 (371,8,3,9179,18572,0.294333,0.0613643,2010,9,0x01),
 (372,8,4,29526,9450,0.665395,0.108114,2010,9,0x01),
 (373,8,1,26947,7038,0.355661,0.633783,2010,10,0x01),
 (374,8,2,24993,11045,0.0278939,0.203615,2010,10,0x01),
 (375,8,3,20656,10274,0.624586,0.696796,2010,10,0x01),
 (376,8,4,2607,1103,0.272107,0.783788,2010,10,0x01),
 (377,8,1,14822,16865,0.571225,0.106897,2010,11,0x01),
 (378,8,2,11622,6838,0.920156,0.150282,2010,11,0x01),
 (379,8,3,15319,7943,0.0289911,0.118686,2010,11,0x01),
 (380,8,4,19979,16079,0.453282,0.883353,2010,11,0x01),
 (381,8,1,24346,11348,0.799774,0.199172,2010,12,0x01),
 (382,8,2,13677,17242,0.238718,0.948796,2010,12,0x01),
 (383,8,3,14123,6062,0.0948808,0.127526,2010,12,0x01),
 (384,8,4,14396,15629,0.58333,0.646978,2010,12,0x01),
 (385,9,1,27717,1487,0.206257,0.806088,2010,1,0x01),
 (386,9,2,22503,1502,0.933551,0.454751,2010,1,0x01),
 (387,9,3,12897,12864,0.0525279,0.45839,2010,1,0x01),
 (388,9,4,20095,2116,0.491163,0.061037,2010,1,0x01),
 (389,9,1,22406,899,0.494389,0.139986,2010,2,0x01),
 (390,9,2,26238,12639,0.764428,0.146852,2010,2,0x01),
 (391,9,3,11567,404,0.563871,0.737873,2010,2,0x01),
 (392,9,4,24033,4649,0.82412,0.710559,2010,2,0x01),
 (393,9,1,1604,2501,0.00202251,0.884273,2010,3,0x01),
 (394,9,2,6667,6636,0.283986,0.989132,2010,3,0x01),
 (395,9,3,4588,14721,0.749525,0.460567,2010,3,0x01),
 (396,9,4,7099,8695,0.275162,0.276204,2010,3,0x01),
 (397,9,1,13393,6026,0.284793,0.617161,2010,4,0x01),
 (398,9,2,13524,18342,0.934074,0.187693,2010,4,0x01),
 (399,9,3,7586,18592,0.954068,0.485057,2010,4,0x01),
 (400,9,4,10269,10144,0.173365,0.175773,2010,4,0x01),
 (401,9,1,23612,10887,0.688051,0.00492975,2010,5,0x01),
 (402,9,2,1265,10585,0.755371,0.341984,2010,5,0x01),
 (403,9,3,15213,8372,0.749611,0.549459,2010,5,0x01),
 (404,9,4,740,13354,0.93768,0.850251,2010,5,0x01),
 (405,9,1,17443,2871,0.407072,0.264733,2010,6,0x01),
 (406,9,2,13298,14005,0.210301,0.490607,2010,6,0x01),
 (407,9,3,25209,15425,0.677653,0.306481,2010,6,0x01),
 (408,9,4,3009,1643,0.893985,0.19438,2010,6,0x01),
 (409,9,1,24707,1184,0.535548,0.396923,2010,7,0x01),
 (410,9,2,8677,16100,0.619214,0.551654,2010,7,0x01),
 (411,9,3,23681,1648,0.229213,0.378022,2010,7,0x01),
 (412,9,4,29925,3761,0.955408,0.631758,2010,7,0x01),
 (413,9,1,23871,4322,0.602364,0.686914,2010,8,0x01),
 (414,9,2,6249,7987,0.709859,0.657579,2010,8,0x01),
 (415,9,3,6587,579,0.563242,0.929298,2010,8,0x01),
 (416,9,4,8692,18816,0.665942,0.33448,2010,8,0x01),
 (417,9,1,9763,15300,0.0966504,0.976576,2010,9,0x01),
 (418,9,2,21274,8374,0.78013,0.884596,2010,9,0x01),
 (419,9,3,22434,601,0.463321,0.262502,2010,9,0x01),
 (420,9,4,16844,18175,0.107332,0.0873004,2010,9,0x01),
 (421,9,1,29999,3699,0.481121,0.205157,2010,10,0x01),
 (422,9,2,19493,17255,0.974104,0.876612,2010,10,0x01),
 (423,9,3,11187,16730,0.0326384,0.92999,2010,10,0x01),
 (424,9,4,3170,14817,0.169249,0.296333,2010,10,0x01),
 (425,9,1,25125,4074,0.193688,0.71974,2010,11,0x01),
 (426,9,2,23669,3814,0.171347,0.863692,2010,11,0x01),
 (427,9,3,24389,18500,0.627244,0.867004,2010,11,0x01),
 (428,9,4,28608,667,0.682742,0.642278,2010,11,0x01),
 (429,9,1,27465,18188,0.137363,0.855229,2010,12,0x01),
 (430,9,2,27580,14042,0.989513,0.575048,2010,12,0x01),
 (431,9,3,1488,8431,0.527594,0.0439262,2010,12,0x01),
 (432,9,4,22093,8377,0.916974,0.878181,2010,12,0x01),
 (433,10,1,13681,15589,0.158438,0.283867,2010,1,0x01),
 (434,10,2,2476,8577,0.400216,0.546571,2010,1,0x01),
 (435,10,3,17381,13588,0.848366,0.13806,2010,1,0x01),
 (436,10,4,26374,3087,0.939237,0.271728,2010,1,0x01),
 (437,10,1,26049,4032,0.0129409,0.634282,2010,2,0x01),
 (438,10,2,11001,10249,0.458187,0.322884,2010,2,0x01),
 (439,10,3,26168,18735,0.186564,0.724945,2010,2,0x01),
 (440,10,4,18786,12645,0.338252,0.192065,2010,2,0x01),
 (441,10,1,7433,8231,0.321385,0.880075,2010,3,0x01),
 (442,10,2,23567,849,0.643716,0.053931,2010,3,0x01),
 (443,10,3,16109,2571,0.507903,0.489202,2010,3,0x01),
 (444,10,4,11981,11785,0.81074,0.341151,2010,3,0x01),
 (445,10,1,24987,4463,0.011789,0.997921,2010,4,0x01),
 (446,10,2,22195,13604,0.318363,0.986098,2010,4,0x01),
 (447,10,3,20805,10566,0.771468,0.954915,2010,4,0x01),
 (448,10,4,29630,6784,0.11129,0.129647,2010,4,0x01),
 (449,10,1,27557,10501,0.750981,0.395223,2010,5,0x01),
 (450,10,2,16821,12874,0.793966,0.34786,2010,5,0x01),
 (451,10,3,1577,7875,0.792665,0.235532,2010,5,0x01),
 (452,10,4,2075,7071,0.865495,0.697328,2010,5,0x01),
 (453,10,1,21793,17393,0.864186,0.607276,2010,6,0x01),
 (454,10,2,19052,7562,0.514916,0.129967,2010,6,0x01),
 (455,10,3,6065,15850,0.844444,0.303312,2010,6,0x01),
 (456,10,4,16946,7311,0.746376,0.0780327,2010,6,0x01),
 (457,10,1,21980,578,0.242895,0.763979,2010,7,0x01),
 (458,10,2,18390,8735,0.853727,0.260153,2010,7,0x01),
 (459,10,3,18035,9640,0.49681,0.278291,2010,7,0x01),
 (460,10,4,9744,8442,0.514085,0.0091415,2010,7,0x01),
 (461,10,1,28572,846,0.741012,0.32607,2010,8,0x01),
 (462,10,2,5919,11967,0.0198732,0.672386,2010,8,0x01),
 (463,10,3,23396,4381,0.194611,0.236786,2010,8,0x01),
 (464,10,4,19374,11192,0.418888,0.885587,2010,8,0x01),
 (465,10,1,20443,18630,0.559282,0.590892,2010,9,0x01),
 (466,10,2,446,13886,0.581917,0.770636,2010,9,0x01),
 (467,10,3,7429,16473,0.0736052,0.0394296,2010,9,0x01),
 (468,10,4,3650,10544,0.467434,0.358396,2010,9,0x01),
 (469,10,1,5844,16147,0.118005,0.467694,2010,10,0x01),
 (470,10,2,2109,15451,0.102917,0.78719,2010,10,0x01),
 (471,10,3,18225,4451,0.51482,0.678732,2010,10,0x01),
 (472,10,4,9753,681,0.0522997,0.0777588,2010,10,0x01),
 (473,10,1,27073,17874,0.91803,0.0224599,2010,11,0x01),
 (474,10,2,8442,2429,0.389112,0.535483,2010,11,0x01),
 (475,10,3,11338,7944,0.93718,0.646179,2010,11,0x01),
 (476,10,4,24655,18889,0.444818,0.0806376,2010,11,0x01),
 (477,10,1,13857,14861,0.890023,0.292272,2010,12,0x01),
 (478,10,2,17903,7596,0.851895,0.0574734,2010,12,0x01),
 (479,10,3,646,221,0.328421,0.818859,2010,12,0x01),
 (480,10,4,502,9920,0.651188,0.322898,2010,12,0x01),
 (481,11,1,10446,5390,0.732027,0.869202,2010,1,0x01),
 (482,11,2,5865,17147,0.483058,0.665539,2010,1,0x01),
 (483,11,3,20422,14835,0.014288,0.365622,2010,1,0x01),
 (484,11,4,9956,14328,0.131867,0.855976,2010,1,0x01),
 (485,11,1,11411,10472,0.735295,0.753735,2010,2,0x01),
 (486,11,2,8059,15830,0.943327,0.878912,2010,2,0x01),
 (487,11,3,3619,4845,0.166011,0.172765,2010,2,0x01),
 (488,11,4,6502,6271,0.884242,0.148077,2010,2,0x01),
 (489,11,1,21163,16680,0.598412,0.977727,2010,3,0x01),
 (490,11,2,26493,9282,0.264176,0.75464,2010,3,0x01),
 (491,11,3,11363,14141,0.546064,0.28926,2010,3,0x01),
 (492,11,4,14714,17265,0.388582,0.0499035,2010,3,0x01),
 (493,11,1,22173,7828,0.729686,0.496889,2010,4,0x01),
 (494,11,2,12816,14091,0.662916,0.113081,2010,4,0x01),
 (495,11,3,18658,5346,0.992201,0.8915,2010,4,0x01),
 (496,11,4,15478,4419,0.917273,0.904914,2010,4,0x01),
 (497,11,1,16911,18983,0.537836,0.852807,2010,5,0x01),
 (498,11,2,4154,6068,0.971074,0.15793,2010,5,0x01),
 (499,11,3,21306,18819,0.139781,0.267588,2010,5,0x01),
 (500,11,4,21185,4624,0.707335,0.304115,2010,5,0x01),
 (501,11,1,8493,13323,0.210948,0.104488,2010,6,0x01),
 (502,11,2,6401,7230,0.176049,0.990776,2010,6,0x01),
 (503,11,3,29028,7239,0.882365,0.321145,2010,6,0x01),
 (504,11,4,25876,14211,0.496217,0.985386,2010,6,0x01),
 (505,11,1,25036,9331,0.483721,0.529444,2010,7,0x01),
 (506,11,2,29975,17008,0.57605,0.520187,2010,7,0x01),
 (507,11,3,19808,1285,0.0706065,0.0946617,2010,7,0x01),
 (508,11,4,25352,2571,0.92088,0.377329,2010,7,0x01),
 (509,11,1,22729,11832,0.892985,0.5943,2010,8,0x01),
 (510,11,2,23032,6161,0.0483125,0.265334,2010,8,0x01),
 (511,11,3,20437,7903,0.949406,0.812373,2010,8,0x01),
 (512,11,4,2246,12245,0.280148,0.287657,2010,8,0x01),
 (513,11,1,12610,3366,0.0215135,0.694942,2010,9,0x01),
 (514,11,2,17143,1908,0.930602,0.554138,2010,9,0x01),
 (515,11,3,28278,11664,0.833365,0.942668,2010,9,0x01),
 (516,11,4,11054,12975,0.16036,0.236108,2010,9,0x01),
 (517,11,1,6060,5403,0.230104,0.166183,2010,10,0x01),
 (518,11,2,20430,7774,0.015995,0.615954,2010,10,0x01),
 (519,11,3,29230,12709,0.520507,0.780028,2010,10,0x01),
 (520,11,4,18125,13220,0.424282,0.931895,2010,10,0x01),
 (521,11,1,3999,9899,0.377947,0.0609772,2010,11,0x01),
 (522,11,2,3161,14654,0.160938,0.0687822,2010,11,0x01),
 (523,11,3,6918,15790,0.944291,0.0464981,2010,11,0x01),
 (524,11,4,21619,1635,0.0633173,0.39568,2010,11,0x01),
 (525,11,1,14805,18690,0.0312769,0.19915,2010,12,0x01),
 (526,11,2,20816,17586,0.00659739,0.301015,2010,12,0x01),
 (527,11,3,18081,17892,0.563894,0.0126893,2010,12,0x01),
 (528,11,4,16415,13022,0.412987,0.226089,2010,12,0x01),
 (529,12,1,25931,10223,0.660298,0.985669,2010,1,0x01),
 (530,12,2,9601,9745,0.313479,0.247711,2010,1,0x01),
 (531,12,3,19174,3953,0.992789,0.638313,2010,1,0x01),
 (532,12,4,28993,5237,0.231697,0.510753,2010,1,0x01),
 (533,12,1,4244,14136,0.324398,0.498442,2010,2,0x01),
 (534,12,2,19427,1146,0.40934,0.0614009,2010,2,0x01),
 (535,12,3,29187,17172,0.36559,0.232244,2010,2,0x01),
 (536,12,4,27264,12571,0.142788,0.881877,2010,2,0x01),
 (537,12,1,66,18170,0.345641,0.345649,2010,3,0x01),
 (538,12,2,29360,14570,0.250371,0.177428,2010,3,0x01),
 (539,12,3,13670,9402,0.943191,0.132117,2010,3,0x01),
 (540,12,4,20371,15083,0.939858,0.216346,2010,3,0x01),
 (541,12,1,9934,1919,0.470539,0.792599,2010,4,0x01),
 (542,12,2,20513,11192,0.595671,0.273815,2010,4,0x01),
 (543,12,3,14964,13135,0.456176,0.903457,2010,4,0x01),
 (544,12,4,3447,8413,0.255379,0.480359,2010,4,0x01),
 (545,12,1,3063,11929,0.0201109,0.65813,2010,5,0x01),
 (546,12,2,21419,2441,0.794991,0.625668,2010,5,0x01),
 (547,12,3,3657,17586,0.686516,0.55833,2010,5,0x01),
 (548,12,4,2330,17549,0.0925801,0.218597,2010,5,0x01),
 (549,12,1,6528,2629,0.528212,0.480528,2010,6,0x01),
 (550,12,2,20849,15556,0.689772,0.354104,2010,6,0x01),
 (551,12,3,6236,14350,0.787545,0.293542,2010,6,0x01),
 (552,12,4,23249,7062,0.720627,0.18792,2010,6,0x01),
 (553,12,1,24148,3604,0.368159,0.452982,2010,7,0x01),
 (554,12,2,3098,17372,0.127453,0.0697195,2010,7,0x01),
 (555,12,3,13957,13164,0.842222,0.248352,2010,7,0x01),
 (556,12,4,12458,1308,0.433071,0.635593,2010,7,0x01),
 (557,12,1,14092,14710,0.867622,0.628575,2010,8,0x01),
 (558,12,2,736,14816,0.589069,0.410579,2010,8,0x01),
 (559,12,3,17929,18248,0.159665,0.781731,2010,8,0x01),
 (560,12,4,20843,6092,0.669584,0.722052,2010,8,0x01),
 (561,12,1,185,18525,0.41181,0.894796,2010,9,0x01),
 (562,12,2,29808,18612,0.430122,0.974745,2010,9,0x01),
 (563,12,3,5403,12744,0.809973,0.769139,2010,9,0x01),
 (564,12,4,18484,7297,0.000975059,0.588187,2010,9,0x01),
 (565,12,1,1929,5644,0.034927,0.217594,2010,10,0x01),
 (566,12,2,12510,12709,0.23474,0.147332,2010,10,0x01),
 (567,12,3,22270,17742,0.897331,0.418846,2010,10,0x01),
 (568,12,4,4174,17982,0.477489,0.567172,2010,10,0x01),
 (569,12,1,8239,3311,0.999919,0.654956,2010,11,0x01),
 (570,12,2,2311,14920,0.783114,0.322098,2010,11,0x01),
 (571,12,3,16783,7389,0.0713881,0.107771,2010,11,0x01),
 (572,12,4,4910,12436,0.840381,0.0408145,2010,11,0x01),
 (573,12,1,9887,2890,0.866496,0.640019,2010,12,0x01),
 (574,12,2,6549,10276,0.132218,0.0175606,2010,12,0x01),
 (575,12,3,19472,12604,0.776927,0.736866,2010,12,0x01),
 (576,12,4,10335,3707,0.0967803,0.440443,2010,12,0x01),
 (577,13,1,15652,4680,0.547434,0.0337131,2010,1,0x01),
 (578,13,2,21476,13598,0.309809,0.387649,2010,1,0x01),
 (579,13,3,14286,4863,0.741805,0.10602,2010,1,0x01),
 (580,13,4,7144,8091,0.957829,0.892321,2010,1,0x01),
 (581,13,1,7189,18567,0.853167,0.446934,2010,2,0x01),
 (582,13,2,24775,4777,0.121706,0.626885,2010,2,0x01),
 (583,13,3,25933,6589,0.203183,0.808502,2010,2,0x01),
 (584,13,4,8453,1083,0.640103,0.0075955,2010,2,0x01),
 (585,13,1,27605,11014,0.0246483,0.332251,2010,3,0x01),
 (586,13,2,530,12276,0.572357,0.770098,2010,3,0x01),
 (587,13,3,18443,627,0.372034,0.144926,2010,3,0x01),
 (588,13,4,3126,7298,0.530319,0.316776,2010,3,0x01),
 (589,13,1,28743,16894,0.754504,0.345142,2010,4,0x01),
 (590,13,2,11662,12340,0.398679,0.386669,2010,4,0x01),
 (591,13,3,9929,9307,0.635932,0.556762,2010,4,0x01),
 (592,13,4,20067,10855,0.213314,0.848746,2010,4,0x01),
 (593,13,1,2187,7665,0.19646,0.47476,2010,5,0x01),
 (594,13,2,4821,14432,0.217186,0.669305,2010,5,0x01),
 (595,13,3,28570,10597,0.000120082,0.0793617,2010,5,0x01),
 (596,13,4,22465,18725,0.363318,0.354298,2010,5,0x01),
 (597,13,1,18963,376,0.463055,0.444236,2010,6,0x01),
 (598,13,2,22743,368,0.784394,0.417344,2010,6,0x01),
 (599,13,3,14803,4848,0.266867,0.314527,2010,6,0x01),
 (600,13,4,7010,1546,0.998494,0.674217,2010,6,0x01),
 (601,13,1,12967,18022,0.111631,0.880504,2010,7,0x01),
 (602,13,2,29067,11681,0.870511,0.414599,2010,7,0x01),
 (603,13,3,14715,13632,0.453096,0.422606,2010,7,0x01),
 (604,13,4,23062,6396,0.598771,0.751872,2010,7,0x01),
 (605,13,1,13089,5737,0.11861,0.753669,2010,8,0x01),
 (606,13,2,20612,14694,0.2464,0.701722,2010,8,0x01),
 (607,13,3,19664,1158,0.946301,0.634117,2010,8,0x01),
 (608,13,4,6788,14044,0.586951,0.79036,2010,8,0x01),
 (609,13,1,29060,16319,0.842045,0.585893,2010,9,0x01),
 (610,13,2,22117,8804,0.283838,0.243108,2010,9,0x01),
 (611,13,3,7096,12792,0.898743,0.780912,2010,9,0x01),
 (612,13,4,15250,6152,0.673103,0.0541681,2010,9,0x01),
 (613,13,1,26003,9610,0.472459,0.929825,2010,10,0x01),
 (614,13,2,8436,7488,0.669041,0.488323,2010,10,0x01),
 (615,13,3,17579,8159,0.359924,0.346863,2010,10,0x01),
 (616,13,4,5464,4951,0.562231,0.815373,2010,10,0x01),
 (617,13,1,2696,16198,0.471962,0.616553,2010,11,0x01),
 (618,13,2,9205,15522,0.729479,0.328073,2010,11,0x01),
 (619,13,3,13048,6333,0.647349,0.538082,2010,11,0x01),
 (620,13,4,13416,18875,0.525231,0.944368,2010,11,0x01),
 (621,13,1,8548,9974,0.50165,0.27309,2010,12,0x01),
 (622,13,2,20955,11911,0.873968,0.944692,2010,12,0x01),
 (623,13,3,11261,1625,0.45556,0.872676,2010,12,0x01),
 (624,13,4,28037,17668,0.333124,0.645124,2010,12,0x01),
 (625,2,1,16191,18978,0.337282,0.609395,2011,1,0x00),
 (626,2,2,7802,7951,0.64605,0.0571723,2011,1,0x00),
 (627,2,3,977,2295,0.203463,0.79003,2011,1,0x00),
 (628,2,4,16760,5447,0.0545715,0.83498,2011,1,0x00),
 (629,2,1,14232,27376,0.273245,0.97492,2011,2,0x00),
 (630,2,2,1993,27661,0.890645,0.0607187,2011,2,0x00),
 (631,2,3,10848,9170,0.119925,0.779621,2011,2,0x00),
 (632,2,4,17548,25652,0.216674,0.668967,2011,2,0x00),
 (633,2,1,3329,1461,0.514795,0.684689,2011,3,0x00),
 (634,2,2,2923,16260,0.533989,0.560838,2011,3,0x00),
 (635,2,3,9830,21790,0.567659,0.529362,2011,3,0x00),
 (636,2,4,11879,11823,0.829047,0.70866,2011,3,0x00),
 (637,2,1,17415,20019,0.058581,0.614914,2011,4,0x00),
 (638,2,2,16966,3821,0.476857,0.801959,2011,4,0x00),
 (639,2,3,7803,15489,0.105387,0.593482,2011,4,0x00),
 (640,2,4,9554,14166,0.771184,0.235565,2011,4,0x00),
 (641,2,1,17868,15235,0.561448,0.56813,2011,5,0x00),
 (642,2,2,113,25339,0.101056,0.490581,2011,5,0x00),
 (643,2,3,12154,23230,0.788286,0.0799353,2011,5,0x00),
 (644,2,4,8534,28089,0.0430949,0.209033,2011,5,0x00),
 (645,2,1,9674,8096,0.697525,0.90788,2011,6,0x00),
 (646,2,2,19223,12916,0.889216,0.512957,2011,6,0x00),
 (647,2,3,12259,4272,0.206718,0.857337,2011,6,0x00),
 (648,2,4,771,9025,0.379228,0.368711,2011,6,0x00),
 (649,2,1,6723,19071,0.503593,0.962911,2011,7,0x00),
 (650,2,2,14927,11985,0.657845,0.0473063,2011,7,0x00),
 (651,2,3,18104,25610,0.763233,0.781438,2011,7,0x00),
 (652,2,4,4677,8790,0.725674,0.981516,2011,7,0x00),
 (653,2,1,16255,29062,0.212733,0.700913,2011,8,0x00),
 (654,2,2,16164,16541,0.903675,0.57056,2011,8,0x00),
 (655,2,3,3047,21189,0.687861,0.441125,2011,8,0x00),
 (656,2,4,14234,28455,0.0806525,0.733147,2011,8,0x00),
 (657,2,1,12443,5630,0.0762537,0.17179,2011,9,0x00),
 (658,2,2,16362,8410,0.76329,0.259637,2011,9,0x00),
 (659,2,3,723,13889,0.291681,0.923955,2011,9,0x00),
 (660,2,4,14739,22747,0.198274,0.26413,2011,9,0x00),
 (661,2,1,9111,9494,0.673907,0.220456,2011,10,0x00),
 (662,2,2,1259,5529,0.0860283,0.287247,2011,10,0x00),
 (663,2,3,6080,5287,0.958678,0.101219,2011,10,0x00),
 (664,2,4,15203,10973,0.655591,0.850384,2011,10,0x00),
 (665,2,1,1599,6302,0.212377,0.969166,2011,11,0x00),
 (666,2,2,18362,14262,0.120174,0.512233,2011,11,0x00),
 (667,2,3,10573,28192,0.375867,0.932538,2011,11,0x00),
 (668,2,4,7376,9460,0.782923,0.72833,2011,11,0x00),
 (669,2,1,7770,28676,0.312055,0.569378,2011,12,0x00),
 (670,2,2,18051,20724,0.312423,0.064439,2011,12,0x00),
 (671,2,3,1477,16949,0.501716,0.289993,2011,12,0x00),
 (672,2,4,1421,10533,0.957467,0.564523,2011,12,0x00),
 (673,3,1,18153,13534,0.782095,0.723145,2011,1,0x00),
 (674,3,2,16320,6146,0.720635,0.324111,2011,1,0x00),
 (675,3,3,15361,20524,0.772835,0.801778,2011,1,0x00),
 (676,3,4,8228,23000,0.760192,0.56982,2011,1,0x00),
 (677,3,1,5225,19681,0.883747,0.474039,2011,2,0x00),
 (678,3,2,9161,1249,0.539866,0.795829,2011,2,0x00),
 (679,3,3,15690,23354,0.0489585,0.215395,2011,2,0x00),
 (680,3,4,18365,9173,0.496005,0.758076,2011,2,0x00),
 (681,3,1,1843,672,0.581978,0.767609,2011,3,0x00),
 (682,3,2,8586,14648,0.241677,0.376968,2011,3,0x00),
 (683,3,3,4570,18977,0.796199,0.780373,2011,3,0x00),
 (684,3,4,7673,3406,0.57721,0.849374,2011,3,0x00),
 (685,3,1,18805,17956,0.285371,0.281364,2011,4,0x00),
 (686,3,2,10292,281,0.826733,0.520695,2011,4,0x00),
 (687,3,3,18639,21433,0.00858805,0.150519,2011,4,0x00),
 (688,3,4,19501,7160,0.270236,0.317784,2011,4,0x00),
 (689,3,1,11560,9286,0.5743,0.024293,2011,5,0x00),
 (690,3,2,2966,28853,0.690675,0.793495,2011,5,0x00),
 (691,3,3,19088,29439,0.367898,0.305702,2011,5,0x00),
 (692,3,4,13578,5585,0.305662,0.0836558,2011,5,0x00),
 (693,3,1,6057,27406,0.417396,0.205912,2011,6,0x00),
 (694,3,2,9231,18318,0.603276,0.327226,2011,6,0x00),
 (695,3,3,5836,18334,0.141741,0.993169,2011,6,0x00),
 (696,3,4,11535,636,0.851506,0.35044,2011,6,0x00),
 (697,3,1,13729,4011,0.376287,0.874847,2011,7,0x00),
 (698,3,2,8230,28368,0.300882,0.665706,2011,7,0x00),
 (699,3,3,5834,4804,0.319955,0.188391,2011,7,0x00),
 (700,3,4,9055,15702,0.349807,0.0860419,2011,7,0x00),
 (701,3,1,5625,13979,0.298624,0.826944,2011,8,0x00),
 (702,3,2,9855,23958,0.192129,0.505836,2011,8,0x00),
 (703,3,3,5517,19375,0.489267,0.0754364,2011,8,0x00),
 (704,3,4,4673,26767,0.716484,0.648708,2011,8,0x00),
 (705,3,1,15682,4879,0.999382,0.282912,2011,9,0x00),
 (706,3,2,10613,22845,0.676942,0.833249,2011,9,0x00),
 (707,3,3,17391,1680,0.946236,0.0468854,2011,9,0x00),
 (708,3,4,15214,15084,0.404478,0.057439,2011,9,0x00),
 (709,3,1,3129,26748,0.430452,0.835498,2011,10,0x00),
 (710,3,2,1134,12161,0.578818,0.952492,2011,10,0x00),
 (711,3,3,10768,23504,0.548485,0.223265,2011,10,0x00),
 (712,3,4,7870,6387,0.830171,0.406942,2011,10,0x00),
 (713,3,1,4045,17149,0.838501,0.166189,2011,11,0x00),
 (714,3,2,15321,9000,0.190391,0.911736,2011,11,0x00),
 (715,3,3,16632,14597,0.804204,0.992022,2011,11,0x00),
 (716,3,4,18919,21612,0.663094,0.927106,2011,11,0x00),
 (717,3,1,2043,26495,0.411129,0.0314548,2011,12,0x00),
 (718,3,2,11136,10030,0.43227,0.822026,2011,12,0x00),
 (719,3,3,16655,26263,0.699944,0.0660245,2011,12,0x00),
 (720,3,4,9086,14148,0.478906,0.187011,2011,12,0x00),
 (721,4,1,8109,28648,0.91129,0.0185087,2011,1,0x00),
 (722,4,2,13033,25135,0.625169,0.571053,2011,1,0x00),
 (723,4,3,6349,27720,0.766681,0.561596,2011,1,0x00),
 (724,4,4,5539,18616,0.275665,0.943472,2011,1,0x00),
 (725,4,1,19573,21796,0.800011,0.570612,2011,2,0x00),
 (726,4,2,6028,73,0.375315,0.431462,2011,2,0x00),
 (727,4,3,2356,239,0.884177,0.59608,2011,2,0x00),
 (728,4,4,536,16161,0.353374,0.134112,2011,2,0x00),
 (729,4,1,8217,14599,0.34738,0.781901,2011,3,0x00),
 (730,4,2,11408,3161,0.0731291,0.0636898,2011,3,0x00),
 (731,4,3,3885,14052,0.323604,0.904934,2011,3,0x00),
 (732,4,4,16702,11276,0.0568044,0.514962,2011,3,0x00),
 (733,4,1,7538,2607,0.231822,0.461751,2011,4,0x00),
 (734,4,2,14084,983,0.505202,0.413334,2011,4,0x00),
 (735,4,3,18284,3031,0.528463,0.97836,2011,4,0x00),
 (736,4,4,8952,5147,0.881614,0.442598,2011,4,0x00),
 (737,4,1,9135,9958,0.127653,0.968667,2011,5,0x00),
 (738,4,2,11584,18119,0.0795398,0.00305441,2011,5,0x00),
 (739,4,3,758,2148,0.133781,0.217462,2011,5,0x00),
 (740,4,4,13053,517,0.44373,0.300809,2011,5,0x00),
 (741,4,1,18250,1344,0.780913,0.31371,2011,6,0x00),
 (742,4,2,14685,5904,0.164099,0.119005,2011,6,0x00),
 (743,4,3,18221,22702,0.723582,0.609932,2011,6,0x00),
 (744,4,4,10828,23082,0.812028,0.0717917,2011,6,0x00),
 (745,4,1,18437,9249,0.0734902,0.0334493,2011,7,0x00),
 (746,4,2,9687,5201,0.0385981,0.391795,2011,7,0x00),
 (747,4,3,7294,322,0.826652,0.425277,2011,7,0x00),
 (748,4,4,2001,24402,0.704279,0.551882,2011,7,0x00),
 (749,4,1,15387,11468,0.575514,0.332452,2011,8,0x00),
 (750,4,2,12326,18205,0.959609,0.271988,2011,8,0x00),
 (751,4,3,16444,10743,0.650573,0.429567,2011,8,0x00),
 (752,4,4,12680,11343,0.0463886,0.711811,2011,8,0x00),
 (753,4,1,9880,23893,0.0860372,0.995301,2011,9,0x00),
 (754,4,2,3331,24269,0.838935,0.900122,2011,9,0x00),
 (755,4,3,2255,18356,0.0540464,0.11972,2011,9,0x00),
 (756,4,4,10481,27034,0.39491,0.701502,2011,9,0x00),
 (757,4,1,9881,3572,0.661997,0.568139,2011,10,0x00),
 (758,4,2,15618,4750,0.035268,0.871269,2011,10,0x00),
 (759,4,3,9855,12531,0.257493,0.477314,2011,10,0x00),
 (760,4,4,16297,28356,0.722844,0.999386,2011,10,0x00),
 (761,4,1,11784,27047,0.635458,0.309756,2011,11,0x00),
 (762,4,2,3125,21883,0.759124,0.394124,2011,11,0x00),
 (763,4,3,7466,6710,0.791938,0.741939,2011,11,0x00),
 (764,4,4,2702,4948,0.0687146,0.206264,2011,11,0x00),
 (765,4,1,788,8961,0.119133,0.412196,2011,12,0x00),
 (766,4,2,1292,6672,0.591062,0.344623,2011,12,0x00),
 (767,4,3,5111,5283,0.186174,0.704068,2011,12,0x00),
 (768,4,4,8997,24740,0.54893,0.983682,2011,12,0x00),
 (769,5,1,414,25938,0.500193,0.990902,2011,1,0x00),
 (770,5,2,9175,20814,0.613187,0.714093,2011,1,0x00),
 (771,5,3,7446,13228,0.892206,0.0174679,2011,1,0x00),
 (772,5,4,2901,11009,0.233423,0.636855,2011,1,0x00),
 (773,5,1,1171,739,0.422348,0.344387,2011,2,0x00),
 (774,5,2,3205,17640,0.653929,0.951936,2011,2,0x00),
 (775,5,3,10750,13525,0.94898,0.0311402,2011,2,0x00),
 (776,5,4,18877,15957,0.384574,0.842114,2011,2,0x00),
 (777,5,1,18352,21692,0.756218,0.983446,2011,3,0x00),
 (778,5,2,12588,17075,0.146106,0.702841,2011,3,0x00),
 (779,5,3,14036,17351,0.884391,0.64079,2011,3,0x00),
 (780,5,4,3101,15811,0.559413,0.0188802,2011,3,0x00),
 (781,5,1,8980,22391,0.0579815,0.929884,2011,4,0x00),
 (782,5,2,6341,19635,0.0982692,0.438528,2011,4,0x00),
 (783,5,3,14323,22040,0.355568,0.659831,2011,4,0x00),
 (784,5,4,15072,22454,0.0751055,0.846177,2011,4,0x00),
 (785,5,1,17884,6673,0.0163028,0.78479,2011,5,0x00),
 (786,5,2,1975,4433,0.679327,0.484023,2011,5,0x00),
 (787,5,3,16028,11823,0.0274527,0.209913,2011,5,0x00),
 (788,5,4,15862,16569,0.337718,0.423675,2011,5,0x00),
 (789,5,1,2929,23867,0.387546,0.0663342,2011,6,0x00),
 (790,5,2,5816,26220,0.916453,0.938468,2011,6,0x00),
 (791,5,3,4520,16335,0.189642,0.630996,2011,6,0x00),
 (792,5,4,13006,17314,0.534263,0.577257,2011,6,0x00),
 (793,5,1,9374,29315,0.919266,0.317098,2011,7,0x00),
 (794,5,2,14960,6438,0.00627046,0.990456,2011,7,0x00),
 (795,5,3,13794,1902,0.611529,0.410937,2011,7,0x00),
 (796,5,4,12035,3518,0.188032,0.80913,2011,7,0x00),
 (797,5,1,3376,5168,0.761983,0.480935,2011,8,0x00),
 (798,5,2,10882,13310,0.739326,0.127901,2011,8,0x00),
 (799,5,3,18302,596,0.135713,0.634622,2011,8,0x00),
 (800,5,4,4646,1400,0.0772018,0.392455,2011,8,0x00),
 (801,5,1,14641,26456,0.869235,0.0493655,2011,9,0x00),
 (802,5,2,14675,25939,0.537837,0.742439,2011,9,0x00),
 (803,5,3,18915,12068,0.509694,0.452623,2011,9,0x00),
 (804,5,4,3516,23810,0.0167242,0.110514,2011,9,0x00),
 (805,5,1,18201,17429,0.88592,0.4775,2011,10,0x00),
 (806,5,2,13933,7445,0.606722,0.628361,2011,10,0x00),
 (807,5,3,13028,23149,0.955855,0.0693907,2011,10,0x00),
 (808,5,4,13755,26000,0.00350136,0.140408,2011,10,0x00),
 (809,5,1,5345,23173,0.0249044,0.369494,2011,11,0x00),
 (810,5,2,11274,2110,0.697917,0.876073,2011,11,0x00),
 (811,5,3,18809,10231,0.979714,0.750969,2011,11,0x00),
 (812,5,4,11000,12909,0.224838,0.581288,2011,11,0x00),
 (813,5,1,13684,21501,0.431931,0.933533,2011,12,0x00),
 (814,5,2,4506,1561,0.987965,0.660096,2011,12,0x00),
 (815,5,3,3584,29417,0.916466,0.352255,2011,12,0x00),
 (816,5,4,16149,12979,0.430174,0.127109,2011,12,0x00),
 (817,6,1,6358,10113,0.538792,0.206356,2011,1,0x00),
 (818,6,2,8429,14967,0.568897,0.421585,2011,1,0x00),
 (819,6,3,6362,19443,0.715805,0.863775,2011,1,0x00),
 (820,6,4,16737,23489,0.166104,0.383929,2011,1,0x00),
 (821,6,1,10386,24037,0.904793,0.547296,2011,2,0x00),
 (822,6,2,8283,28263,0.0523821,0.945389,2011,2,0x00),
 (823,6,3,4511,22380,0.465023,0.478005,2011,2,0x00),
 (824,6,4,4949,2418,0.374671,0.331725,2011,2,0x00),
 (825,6,1,4151,8333,0.0464963,0.901869,2011,3,0x00),
 (826,6,2,14836,17395,0.78717,0.831641,2011,3,0x00),
 (827,6,3,14556,27102,0.150394,0.675214,2011,3,0x00),
 (828,6,4,2281,11827,0.854948,0.430752,2011,3,0x00),
 (829,6,1,4029,11078,0.755743,0.33488,2011,4,0x00),
 (830,6,2,11103,593,0.189807,0.861875,2011,4,0x00),
 (831,6,3,17136,20534,0.15684,0.828841,2011,4,0x00),
 (832,6,4,834,17767,0.0878946,0.872422,2011,4,0x00),
 (833,6,1,163,21626,0.405958,0.333067,2011,5,0x00),
 (834,6,2,722,24664,0.688639,0.759675,2011,5,0x00),
 (835,6,3,16094,21667,0.00587324,0.830405,2011,5,0x00),
 (836,6,4,11251,21706,0.924498,0.474726,2011,5,0x00),
 (837,6,1,11370,9132,0.746737,0.377275,2011,6,0x00),
 (838,6,2,7956,10306,0.78109,0.845862,2011,6,0x00),
 (839,6,3,1702,23352,0.831827,0.233943,2011,6,0x00),
 (840,6,4,7296,28487,0.6372,0.722179,2011,6,0x00),
 (841,6,1,9191,26361,0.686713,0.284164,2011,7,0x00),
 (842,6,2,19345,11453,0.704228,0.088202,2011,7,0x00),
 (843,6,3,8037,6863,0.0963601,0.419981,2011,7,0x00),
 (844,6,4,17076,15804,0.834591,0.450298,2011,7,0x00),
 (845,6,1,1085,3762,0.564707,0.817442,2011,8,0x00),
 (846,6,2,16994,3636,0.218607,0.0456538,2011,8,0x00),
 (847,6,3,14491,14238,0.0412481,0.279039,2011,8,0x00),
 (848,6,4,10895,10201,0.739406,0.674614,2011,8,0x00),
 (849,6,1,2759,28816,0.409154,0.068634,2011,9,0x00),
 (850,6,2,13501,26372,0.00539133,0.207143,2011,9,0x00),
 (851,6,3,1425,23390,0.379454,0.914661,2011,9,0x00),
 (852,6,4,15757,14597,0.329781,0.064211,2011,9,0x00),
 (853,6,1,9644,15666,0.685819,0.107381,2011,10,0x00),
 (854,6,2,18532,4573,0.176765,0.224868,2011,10,0x00),
 (855,6,3,9960,991,0.724478,0.86598,2011,10,0x00),
 (856,6,4,6509,12335,0.843805,0.559801,2011,10,0x00),
 (857,6,1,17504,10009,0.0337856,0.401272,2011,11,0x00),
 (858,6,2,7026,13983,0.399616,0.542143,2011,11,0x00),
 (859,6,3,15911,28134,0.257993,0.349816,2011,11,0x00),
 (860,6,4,3618,2751,0.147348,0.636326,2011,11,0x00),
 (861,6,1,2194,4268,0.489732,0.505203,2011,12,0x00),
 (862,6,2,19052,15632,0.13251,0.915758,2011,12,0x00),
 (863,6,3,7864,3761,0.135759,0.0223042,2011,12,0x00),
 (864,6,4,7594,23269,0.465168,0.710093,2011,12,0x00),
 (865,7,1,8550,28036,0.700484,0.520271,2011,1,0x00),
 (866,7,2,1298,4321,0.475936,0.332891,2011,1,0x00),
 (867,7,3,19387,20874,0.131815,0.760048,2011,1,0x00),
 (868,7,4,57,23019,0.975305,0.190441,2011,1,0x00),
 (869,7,1,18432,18794,0.623853,0.822199,2011,2,0x00),
 (870,7,2,207,16123,0.135838,0.822531,2011,2,0x00),
 (871,7,3,5390,20509,0.020962,0.960814,2011,2,0x00),
 (872,7,4,1433,22980,0.766752,0.675939,2011,2,0x00),
 (873,7,1,7892,27902,0.217754,0.559289,2011,3,0x00),
 (874,7,2,16747,9915,0.000433065,0.661444,2011,3,0x00),
 (875,7,3,12615,28494,0.199514,0.86375,2011,3,0x00),
 (876,7,4,15304,7641,0.660407,0.795113,2011,3,0x00),
 (877,7,1,3493,26862,0.617599,0.419911,2011,4,0x00),
 (878,7,2,12827,27925,0.830298,0.474669,2011,4,0x00),
 (879,7,3,14282,29967,0.0443419,0.38914,2011,4,0x00),
 (880,7,4,9390,13193,0.39331,0.191707,2011,4,0x00),
 (881,7,1,7768,18856,0.301986,0.16952,2011,5,0x00),
 (882,7,2,19352,20311,0.561752,0.730541,2011,5,0x00),
 (883,7,3,18855,6687,0.510194,0.997684,2011,5,0x00),
 (884,7,4,3174,7237,0.666156,0.154474,2011,5,0x00),
 (885,7,1,3817,20560,0.746651,0.457203,2011,6,0x00),
 (886,7,2,15918,8756,0.723504,0.130251,2011,6,0x00),
 (887,7,3,2972,2095,0.465296,0.0693154,2011,6,0x00),
 (888,7,4,12168,25022,0.554096,0.391501,2011,6,0x00),
 (889,7,1,9045,19225,0.0667161,0.391765,2011,7,0x00),
 (890,7,2,12150,4093,0.466601,0.391931,2011,7,0x00),
 (891,7,3,18493,19169,0.265234,0.301547,2011,7,0x00),
 (892,7,4,18819,7203,0.780812,0.449059,2011,7,0x00),
 (893,7,1,8040,10038,0.147212,0.387332,2011,8,0x00),
 (894,7,2,673,22947,0.70764,0.929273,2011,8,0x00),
 (895,7,3,3708,6040,0.0651204,0.627346,2011,8,0x00),
 (896,7,4,58,14121,0.355878,0.274988,2011,8,0x00),
 (897,7,1,14594,8749,0.761882,0.778501,2011,9,0x00),
 (898,7,2,11736,8404,0.885268,0.924685,2011,9,0x00),
 (899,7,3,8670,4386,0.370039,0.152544,2011,9,0x00),
 (900,7,4,1484,21610,0.0753994,0.426618,2011,9,0x00),
 (901,7,1,12863,24584,0.180268,0.705013,2011,10,0x00),
 (902,7,2,19468,29708,0.829969,0.296966,2011,10,0x00),
 (903,7,3,4683,25598,0.323772,0.612778,2011,10,0x00),
 (904,7,4,8195,3328,0.385938,0.423211,2011,10,0x00),
 (905,7,1,7669,8414,0.763081,0.765954,2011,11,0x00),
 (906,7,2,9772,25968,0.24712,0.0635234,2011,11,0x00),
 (907,7,3,7915,29721,0.235804,0.849957,2011,11,0x00),
 (908,7,4,2259,14602,0.111714,0.742942,2011,11,0x00),
 (909,7,1,13938,1213,0.0458442,0.943497,2011,12,0x00),
 (910,7,2,19872,8905,0.31334,0.597117,2011,12,0x00),
 (911,7,3,7165,22169,0.84662,0.808271,2011,12,0x00),
 (912,7,4,16815,22812,0.545088,0.964411,2011,12,0x00),
 (913,8,1,22931,11263,0.810828,0.296165,2011,1,0x01),
 (914,8,2,29228,12420,0.886115,0.277132,2011,1,0x01),
 (915,8,3,8649,8365,0.831267,0.549716,2011,1,0x01),
 (916,8,4,25252,5881,0.400332,0.552681,2011,1,0x01),
 (917,8,1,2614,6808,0.64726,0.921635,2011,2,0x01),
 (918,8,2,5473,2742,0.8267,0.0353907,2011,2,0x01),
 (919,8,3,11437,3305,0.0412108,0.789166,2011,2,0x01),
 (920,8,4,24755,17556,0.130671,0.789851,2011,2,0x01),
 (921,8,1,24911,12564,0.499815,0.689064,2011,3,0x01),
 (922,8,2,10763,9044,0.936311,0.296485,2011,3,0x01),
 (923,8,3,26111,14397,0.984468,0.448967,2011,3,0x01),
 (924,8,4,4885,15284,0.108617,0.350164,2011,3,0x01),
 (925,8,1,3691,7228,0.705392,0.240953,2011,4,0x01),
 (926,8,2,16139,15498,0.00559295,0.81265,2011,4,0x01),
 (927,8,3,7295,12816,0.0440198,0.733059,2011,4,0x01),
 (928,8,4,27677,2106,0.169574,0.0196345,2011,4,0x01),
 (929,8,1,24462,14759,0.0181656,0.764539,2011,5,0x01),
 (930,8,2,13075,10495,0.47737,0.893163,2011,5,0x01),
 (931,8,3,4938,8076,0.934508,0.220645,2011,5,0x01),
 (932,8,4,7016,10689,0.0187308,0.0602214,2011,5,0x01),
 (933,8,1,5792,18933,0.122926,0.032719,2011,6,0x01),
 (934,8,2,12552,6830,0.222677,0.528274,2011,6,0x01),
 (935,8,3,18218,15322,0.897212,0.479368,2011,6,0x01),
 (936,8,4,14566,11189,0.00123256,0.718522,2011,6,0x01),
 (937,8,1,4452,14244,0.136695,0.214506,2011,7,0x01),
 (938,8,2,16596,1107,0.930072,0.907674,2011,7,0x01),
 (939,8,3,20664,11712,0.133307,0.698044,2011,7,0x01),
 (940,8,4,25665,10073,0.735635,0.379003,2011,7,0x01),
 (941,8,1,9264,12637,0.598622,0.955015,2011,8,0x01),
 (942,8,2,7270,14862,0.608228,0.833481,2011,8,0x01),
 (943,8,3,21485,5386,0.975401,0.838905,2011,8,0x01),
 (944,8,4,20171,7413,0.110639,0.861758,2011,8,0x01),
 (945,8,1,18664,15594,0.448168,0.22498,2011,9,0x01),
 (946,8,2,28134,17896,0.701814,0.527775,2011,9,0x01),
 (947,8,3,28113,17526,0.297359,0.809387,2011,9,0x01),
 (948,8,4,3278,12134,0.145105,0.364799,2011,9,0x01),
 (949,8,1,26971,18045,0.491564,0.439806,2011,10,0x01),
 (950,8,2,13164,9325,0.320645,0.334647,2011,10,0x01),
 (951,8,3,14953,6007,0.662403,0.153444,2011,10,0x01),
 (952,8,4,21289,10742,0.211352,0.550884,2011,10,0x01),
 (953,8,1,24371,15628,0.856556,0.348145,2011,11,0x01),
 (954,8,2,8127,18847,0.0821251,0.816791,2011,11,0x01),
 (955,8,3,3348,6139,0.709494,0.762394,2011,11,0x01),
 (956,8,4,7353,13002,0.121735,0.278862,2011,11,0x01),
 (957,8,1,25608,5789,0.935424,0.190011,2011,12,0x01),
 (958,8,2,19426,18715,0.0669628,0.746625,2011,12,0x01),
 (959,8,3,27751,3995,0.277998,0.105296,2011,12,0x01),
 (960,8,4,12154,13091,0.578504,0.479566,2011,12,0x01),
 (961,9,1,22395,11216,0.316294,0.624423,2011,1,0x01),
 (962,9,2,15398,2939,0.388173,0.491937,2011,1,0x01),
 (963,9,3,3112,7832,0.770631,0.478858,2011,1,0x01),
 (964,9,4,24574,8710,0.486945,0.676225,2011,1,0x01),
 (965,9,1,24521,2118,0.202717,0.926576,2011,2,0x01),
 (966,9,2,5078,15192,0.873357,0.29607,2011,2,0x01),
 (967,9,3,18472,4097,0.254686,0.776875,2011,2,0x01),
 (968,9,4,27308,11666,0.631805,0.649411,2011,2,0x01),
 (969,9,1,24684,11842,0.821541,0.954548,2011,3,0x01),
 (970,9,2,29417,1932,0.360268,0.952635,2011,3,0x01),
 (971,9,3,21771,16534,0.801541,0.279207,2011,3,0x01),
 (972,9,4,2442,2411,0.216991,0.746521,2011,3,0x01),
 (973,9,1,22025,18332,0.319059,0.385539,2011,4,0x01),
 (974,9,2,19972,13242,0.105652,0.374754,2011,4,0x01),
 (975,9,3,20867,11867,0.564447,0.960271,2011,4,0x01),
 (976,9,4,21991,9058,0.768557,0.335785,2011,4,0x01),
 (977,9,1,29376,18919,0.645436,0.721633,2011,5,0x01),
 (978,9,2,20047,887,0.807376,0.558837,2011,5,0x01),
 (979,9,3,5762,3581,0.0946012,0.817083,2011,5,0x01),
 (980,9,4,18403,16347,0.90097,0.904808,2011,5,0x01),
 (981,9,1,19221,3968,0.927425,0.565103,2011,6,0x01),
 (982,9,2,3301,2078,0.73983,0.442888,2011,6,0x01),
 (983,9,3,27041,2293,0.395496,0.716818,2011,6,0x01),
 (984,9,4,15,18088,0.446657,0.30364,2011,6,0x01),
 (985,9,1,3366,9846,0.829356,0.663239,2011,7,0x01),
 (986,9,2,24811,15457,0.502622,0.159344,2011,7,0x01),
 (987,9,3,25527,12208,0.215553,0.263906,2011,7,0x01),
 (988,9,4,6482,13564,0.448832,0.632384,2011,7,0x01),
 (989,9,1,21318,13741,0.402409,0.222708,2011,8,0x01),
 (990,9,2,29603,15796,0.882538,0.182445,2011,8,0x01),
 (991,9,3,28139,7171,0.0790399,0.186665,2011,8,0x01),
 (992,9,4,29151,14397,0.517607,0.273327,2011,8,0x01),
 (993,9,1,22380,2821,0.922172,0.993451,2011,9,0x01),
 (994,9,2,23638,2909,0.3288,0.87013,2011,9,0x01),
 (995,9,3,4966,9802,0.555262,0.743449,2011,9,0x01),
 (996,9,4,1412,14383,0.0493825,0.56761,2011,9,0x01),
 (997,9,1,16449,18224,0.214476,0.6221,2011,10,0x01),
 (998,9,2,22264,18282,0.541594,0.900476,2011,10,0x01),
 (999,9,3,2548,17228,0.266041,0.648347,2011,10,0x01),
 (1000,9,4,24002,7788,0.80952,0.636421,2011,10,0x01),
 (1001,9,1,28537,12402,0.969511,0.774942,2011,11,0x01),
 (1002,9,2,1125,5912,0.673883,0.102655,2011,11,0x01),
 (1003,9,3,28375,10898,0.131473,0.016402,2011,11,0x01),
 (1004,9,4,266,8614,0.378295,0.84673,2011,11,0x01),
 (1005,9,1,21988,4289,0.544227,0.530399,2011,12,0x01),
 (1006,9,2,14531,1866,0.646499,0.182433,2011,12,0x01),
 (1007,9,3,1586,2995,0.353968,0.828358,2011,12,0x01),
 (1008,9,4,16391,4323,0.96013,0.421541,2011,12,0x01),
 (1009,10,1,15421,9822,0.753011,0.541049,2011,1,0x01),
 (1010,10,2,16291,16057,0.0765239,0.842193,2011,1,0x01),
 (1011,10,3,24890,14931,0.640571,0.41495,2011,1,0x01),
 (1012,10,4,11588,5530,0.0561145,0.694691,2011,1,0x01),
 (1013,10,1,18371,4292,0.146651,0.465172,2011,2,0x01),
 (1014,10,2,28008,14727,0.31894,0.795491,2011,2,0x01),
 (1015,10,3,2693,16435,0.16356,0.460715,2011,2,0x01),
 (1016,10,4,13241,11161,0.499798,0.510168,2011,2,0x01),
 (1017,10,1,10650,2045,0.279579,0.167837,2011,3,0x01),
 (1018,10,2,9832,13150,0.121572,0.176146,2011,3,0x01),
 (1019,10,3,433,5732,0.759335,0.0273377,2011,3,0x01),
 (1020,10,4,22020,12576,0.35627,0.265965,2011,3,0x01),
 (1021,10,1,10413,16011,0.465389,0.191505,2011,4,0x01),
 (1022,10,2,18672,3049,0.393302,0.841861,2011,4,0x01),
 (1023,10,3,10131,12311,0.865578,0.0965314,2011,4,0x01),
 (1024,10,4,11950,8154,0.184521,0.102466,2011,4,0x01),
 (1025,10,1,5940,1582,0.520648,0.996176,2011,5,0x01),
 (1026,10,2,8878,9229,0.585574,0.0723702,2011,5,0x01),
 (1027,10,3,7152,12781,0.6967,0.132442,2011,5,0x01),
 (1028,10,4,440,18845,0.16308,0.735364,2011,5,0x01),
 (1029,10,1,6125,3328,0.996983,0.469066,2011,6,0x01),
 (1030,10,2,10371,18925,0.187172,0.162121,2011,6,0x01),
 (1031,10,3,13171,16318,0.157568,0.163591,2011,6,0x01),
 (1032,10,4,23279,188,0.578939,0.433105,2011,6,0x01),
 (1033,10,1,14679,1050,0.40144,0.203807,2011,7,0x01),
 (1034,10,2,9248,2357,0.832285,0.407491,2011,7,0x01),
 (1035,10,3,364,6202,0.995513,0.884342,2011,7,0x01),
 (1036,10,4,29586,2291,0.179757,0.638869,2011,7,0x01),
 (1037,10,1,3038,15674,0.905141,0.049185,2011,8,0x01),
 (1038,10,2,25835,15014,0.52185,0.988527,2011,8,0x01),
 (1039,10,3,11791,12947,0.690618,0.275911,2011,8,0x01),
 (1040,10,4,11728,17278,0.889343,0.737079,2011,8,0x01),
 (1041,10,1,16991,9485,0.0402136,0.427411,2011,9,0x01),
 (1042,10,2,15209,11141,0.458177,0.245226,2011,9,0x01),
 (1043,10,3,3004,5513,0.584289,0.24689,2011,9,0x01),
 (1044,10,4,25191,17699,0.386422,0.464442,2011,9,0x01),
 (1045,10,1,12013,8205,0.884995,0.921918,2011,10,0x01),
 (1046,10,2,25179,4945,0.992855,0.848339,2011,10,0x01),
 (1047,10,3,19863,9118,0.74611,0.79332,2011,10,0x01),
 (1048,10,4,23420,5408,0.0466834,0.465524,2011,10,0x01),
 (1049,10,1,2308,17403,0.237533,0.634687,2011,11,0x01),
 (1050,10,2,26726,20,0.187943,0.364707,2011,11,0x01),
 (1051,10,3,7561,3128,0.0789721,0.17828,2011,11,0x01),
 (1052,10,4,2612,4401,0.748108,0.49285,2011,11,0x01),
 (1053,10,1,28566,8749,0.277354,0.813117,2011,12,0x01),
 (1054,10,2,1908,475,0.490434,0.717136,2011,12,0x01),
 (1055,10,3,15857,7549,0.162488,0.631021,2011,12,0x01),
 (1056,10,4,21480,7124,0.0395775,0.751543,2011,12,0x01),
 (1057,11,1,19433,4610,0.215519,0.246412,2011,1,0x01),
 (1058,11,2,4222,18292,0.0200094,0.0387948,2011,1,0x01),
 (1059,11,3,5527,6602,0.334691,0.0656195,2011,1,0x01),
 (1060,11,4,20963,16743,0.172767,0.888486,2011,1,0x01),
 (1061,11,1,11683,4482,0.432963,0.931506,2011,2,0x01),
 (1062,11,2,26428,10389,0.970068,0.422145,2011,2,0x01),
 (1063,11,3,21023,3884,0.512007,0.319169,2011,2,0x01),
 (1064,11,4,28916,4880,0.497317,0.126024,2011,2,0x01),
 (1065,11,1,24114,9765,0.607109,0.508518,2011,3,0x01),
 (1066,11,2,20835,1896,0.622041,0.0624057,2011,3,0x01),
 (1067,11,3,24338,9631,0.247517,0.409499,2011,3,0x01),
 (1068,11,4,14742,3309,0.719283,0.0401886,2011,3,0x01),
 (1069,11,1,20141,4375,0.326766,0.965743,2011,4,0x01),
 (1070,11,2,27046,6159,0.472982,0.29555,2011,4,0x01),
 (1071,11,3,5091,7560,0.527494,0.312433,2011,4,0x01),
 (1072,11,4,9001,16127,0.522875,0.483461,2011,4,0x01),
 (1073,11,1,4111,14695,0.695312,0.114163,2011,5,0x01),
 (1074,11,2,2168,16940,0.976448,0.0308281,2011,5,0x01),
 (1075,11,3,21815,5805,0.806224,0.758565,2011,5,0x01),
 (1076,11,4,22966,8880,0.0554718,0.152061,2011,5,0x01),
 (1077,11,1,26323,11372,0.422156,0.331499,2011,6,0x01),
 (1078,11,2,28478,6349,0.396651,0.0778236,2011,6,0x01),
 (1079,11,3,9462,10440,0.779108,0.549576,2011,6,0x01),
 (1080,11,4,23153,3158,0.775917,0.297772,2011,6,0x01),
 (1081,11,1,21761,4448,0.902474,0.0757945,2011,7,0x01),
 (1082,11,2,13553,13981,0.275898,0.868044,2011,7,0x01),
 (1083,11,3,28114,7100,0.394044,0.894084,2011,7,0x01),
 (1084,11,4,5799,1157,0.166097,0.0842925,2011,7,0x01),
 (1085,11,1,7538,18332,0.785239,0.668522,2011,8,0x01),
 (1086,11,2,7858,13771,0.0153088,0.0710381,2011,8,0x01),
 (1087,11,3,7905,17180,0.601093,0.263016,2011,8,0x01),
 (1088,11,4,6315,15701,0.805804,0.0881227,2011,8,0x01),
 (1089,11,1,24050,13113,0.529524,0.847228,2011,9,0x01),
 (1090,11,2,14799,5061,0.0688184,0.605048,2011,9,0x01),
 (1091,11,3,25161,10134,0.340424,0.26452,2011,9,0x01),
 (1092,11,4,28685,6230,0.310873,0.44398,2011,9,0x01),
 (1093,11,1,14841,8712,0.449089,0.587709,2011,10,0x01),
 (1094,11,2,28236,14388,0.250456,0.542191,2011,10,0x01),
 (1095,11,3,14743,4356,0.26854,0.0384032,2011,10,0x01),
 (1096,11,4,29838,15258,0.634605,0.134745,2011,10,0x01),
 (1097,11,1,20180,3376,0.745245,0.695713,2011,11,0x01),
 (1098,11,2,12454,17479,0.654909,0.408171,2011,11,0x01),
 (1099,11,3,13603,5160,0.722787,0.670102,2011,11,0x01),
 (1100,11,4,3975,1790,0.232472,0.925944,2011,11,0x01),
 (1101,11,1,9349,7,0.0280065,0.668178,2011,12,0x01),
 (1102,11,2,19594,18969,0.691367,0.376525,2011,12,0x01),
 (1103,11,3,20554,17338,0.424143,0.124186,2011,12,0x01),
 (1104,11,4,1860,8204,0.590101,0.444757,2011,12,0x01),
 (1105,12,1,26639,16835,0.82552,0.324001,2011,1,0x01),
 (1106,12,2,9556,14327,0.730646,0.857397,2011,1,0x01),
 (1107,12,3,27247,8820,0.418289,0.197391,2011,1,0x01),
 (1108,12,4,10065,5102,0.614538,0.903557,2011,1,0x01),
 (1109,12,1,6060,15932,0.581776,0.704336,2011,2,0x01),
 (1110,12,2,17345,14499,0.865598,0.980845,2011,2,0x01),
 (1111,12,3,25361,5914,0.754958,0.991184,2011,2,0x01),
 (1112,12,4,5187,12624,0.388796,0.967984,2011,2,0x01),
 (1113,12,1,19764,6060,0.642599,0.742423,2011,3,0x01),
 (1114,12,2,22893,9768,0.284794,0.474683,2011,3,0x01),
 (1115,12,3,5003,6641,0.405574,0.403857,2011,3,0x01),
 (1116,12,4,18018,13723,0.789686,0.269553,2011,3,0x01),
 (1117,12,1,15172,6364,0.729924,0.202952,2011,4,0x01),
 (1118,12,2,18337,15327,0.759496,0.436843,2011,4,0x01),
 (1119,12,3,19323,6662,0.919159,0.142156,2011,4,0x01),
 (1120,12,4,12677,10910,0.468923,0.0627799,2011,4,0x01),
 (1121,12,1,15817,13403,0.40435,0.390953,2011,5,0x01),
 (1122,12,2,17756,18067,0.743907,0.502283,2011,5,0x01),
 (1123,12,3,330,14286,0.316534,0.752442,2011,5,0x01),
 (1124,12,4,15703,7964,0.697517,0.526857,2011,5,0x01),
 (1125,12,1,20900,22,0.015976,0.130224,2011,6,0x01),
 (1126,12,2,24369,5079,0.588704,0.904415,2011,6,0x01),
 (1127,12,3,933,7078,0.722796,0.171374,2011,6,0x01),
 (1128,12,4,114,2100,0.57345,0.211844,2011,6,0x01),
 (1129,12,1,8549,12562,0.64352,0.511281,2011,7,0x01),
 (1130,12,2,197,7373,0.367846,0.931067,2011,7,0x01),
 (1131,12,3,8178,10550,0.23807,0.296137,2011,7,0x01),
 (1132,12,4,19420,15114,0.092622,0.129401,2011,7,0x01),
 (1133,12,1,27797,14911,0.521717,0.908851,2011,8,0x01),
 (1134,12,2,3184,16308,0.818672,0.274982,2011,8,0x01),
 (1135,12,3,2709,4445,0.546554,0.0741882,2011,8,0x01),
 (1136,12,4,6598,1975,0.583092,0.988045,2011,8,0x01),
 (1137,12,1,4267,1893,0.456996,0.768884,2011,9,0x01),
 (1138,12,2,26781,10243,0.895276,0.778838,2011,9,0x01),
 (1139,12,3,9431,8112,0.763841,0.612547,2011,9,0x01),
 (1140,12,4,3033,7405,0.0025904,0.0729454,2011,9,0x01),
 (1141,12,1,24569,11501,0.731445,0.665105,2011,10,0x01),
 (1142,12,2,6986,5899,0.435163,0.0748112,2011,10,0x01),
 (1143,12,3,4388,12463,0.0225128,0.806602,2011,10,0x01),
 (1144,12,4,22416,9898,0.599317,0.270241,2011,10,0x01),
 (1145,12,1,4406,7468,0.995054,0.125095,2011,11,0x01),
 (1146,12,2,11848,10932,0.439184,0.618657,2011,11,0x01),
 (1147,12,3,22851,15033,0.296031,0.988464,2011,11,0x01),
 (1148,12,4,14602,13730,0.436019,0.735899,2011,11,0x01),
 (1149,12,1,15395,2671,0.646234,0.725899,2011,12,0x01),
 (1150,12,2,28437,1228,0.46476,0.618336,2011,12,0x01),
 (1151,12,3,3617,15617,0.960899,0.0948398,2011,12,0x01),
 (1152,12,4,4432,18409,0.277352,0.709096,2011,12,0x01),
 (1153,13,1,25595,14890,0.200626,0.959173,2011,1,0x01),
 (1154,13,2,22264,8413,0.632378,0.35716,2011,1,0x01),
 (1155,13,3,14520,1005,0.597104,0.854439,2011,1,0x01),
 (1156,13,4,513,8111,0.340519,0.970138,2011,1,0x01),
 (1157,13,1,28746,16389,0.148186,0.365856,2011,2,0x01),
 (1158,13,2,14170,4066,0.745376,0.411477,2011,2,0x01),
 (1159,13,3,4151,4305,0.526848,0.494918,2011,2,0x01),
 (1160,13,4,18962,8566,0.409193,0.442905,2011,2,0x01),
 (1161,13,1,7226,853,0.798552,0.440375,2011,3,0x01),
 (1162,13,2,9676,8165,0.0230014,0.262881,2011,3,0x01),
 (1163,13,3,24787,1351,0.591556,0.469348,2011,3,0x01),
 (1164,13,4,27108,11917,0.810722,0.44183,2011,3,0x01),
 (1165,13,1,13704,6152,0.614694,0.804384,2011,4,0x01),
 (1166,13,2,5790,13232,0.94676,0.804959,2011,4,0x01),
 (1167,13,3,11541,14710,0.667163,0.702217,2011,4,0x01),
 (1168,13,4,2156,7040,0.756613,0.0634117,2011,4,0x01),
 (1169,13,1,26523,7453,0.534842,0.150026,2011,5,0x01),
 (1170,13,2,275,18700,0.720037,0.244568,2011,5,0x01),
 (1171,13,3,2707,16771,0.417683,0.854964,2011,5,0x01),
 (1172,13,4,29815,10831,0.546294,0.222251,2011,5,0x01),
 (1173,13,1,13776,13171,0.782698,0.452741,2011,6,0x01),
 (1174,13,2,18382,13999,0.841006,0.897636,2011,6,0x01),
 (1175,13,3,6332,2426,0.787068,0.111046,2011,6,0x01),
 (1176,13,4,7880,14956,0.134167,0.831629,2011,6,0x01),
 (1177,13,1,11108,12252,0.665928,0.953588,2011,7,0x01),
 (1178,13,2,22042,14845,0.288817,0.379509,2011,7,0x01),
 (1179,13,3,7987,12844,0.729331,0.98053,2011,7,0x01),
 (1180,13,4,19783,9568,0.559934,0.628607,2011,7,0x01),
 (1181,13,1,18218,10309,0.86294,0.411111,2011,8,0x01),
 (1182,13,2,16517,10253,0.823061,0.689809,2011,8,0x01),
 (1183,13,3,14754,5830,0.67697,0.624222,2011,8,0x01),
 (1184,13,4,13097,17487,0.742204,0.143661,2011,8,0x01),
 (1185,13,1,29075,12086,0.697929,0.122731,2011,9,0x01),
 (1186,13,2,9513,767,0.896528,0.691848,2011,9,0x01),
 (1187,13,3,426,277,0.247657,0.197326,2011,9,0x01),
 (1188,13,4,28008,15345,0.135389,0.314852,2011,9,0x01),
 (1189,13,1,849,16768,0.904226,0.215669,2011,10,0x01),
 (1190,13,2,17756,4394,0.681231,0.486546,2011,10,0x01),
 (1191,13,3,6915,10206,0.689216,0.712632,2011,10,0x01);
INSERT INTO `estado_resultados` (`id_edo`,`id_banco`,`id_dep`,`ingresos`,`egresos`,`liquidez`,`solvencia`,`año`,`mes`,`flag`) VALUES 
 (1192,13,4,745,17196,0.749871,0.246519,2011,10,0x01),
 (1193,13,1,16550,16629,0.375903,0.707402,2011,11,0x01),
 (1194,13,2,16027,1762,0.707722,0.180907,2011,11,0x01),
 (1195,13,3,26866,5901,0.562885,0.923239,2011,11,0x01),
 (1196,13,4,26968,7093,0.0354601,0.612513,2011,11,0x01),
 (1197,13,1,26373,8522,0.407682,0.835653,2011,12,0x01),
 (1198,13,2,23658,992,0.617689,0.551003,2011,12,0x01),
 (1199,13,3,12495,6623,0.164849,0.724806,2011,12,0x01),
 (1200,13,4,20123,15128,0.128124,0.203949,2011,12,0x01);
/*!40000 ALTER TABLE `estado_resultados` ENABLE KEYS */;


--
-- Definition of table `usuario_depto`
--

DROP TABLE IF EXISTS `usuario_depto`;
CREATE TABLE `usuario_depto` (
  `id_user` int(11) NOT NULL,
  `id_depto` int(11) NOT NULL,
  KEY `id_user` (`id_user`),
  KEY `id_depto` (`id_depto`),
  CONSTRAINT `usuario_depto_ibfk_1` FOREIGN KEY (`id_user`) REFERENCES `usuarios` (`id_usuario`) ON UPDATE CASCADE,
  CONSTRAINT `usuario_depto_ibfk_2` FOREIGN KEY (`id_depto`) REFERENCES `departamentos` (`id_depto`) ON UPDATE CASCADE
) ENGINE=InnoDB DEFAULT CHARSET=latin1;

--
-- Dumping data for table `usuario_depto`
--

/*!40000 ALTER TABLE `usuario_depto` DISABLE KEYS */;
INSERT INTO `usuario_depto` (`id_user`,`id_depto`) VALUES 
 (1,1),
 (1,2),
 (1,3),
 (1,4),
 (2,1),
 (3,2),
 (4,3),
 (5,4);
/*!40000 ALTER TABLE `usuario_depto` ENABLE KEYS */;


--
-- Definition of table `usuarios`
--

DROP TABLE IF EXISTS `usuarios`;
CREATE TABLE `usuarios` (
  `id_usuario` int(11) NOT NULL AUTO_INCREMENT,
  `nombre_com` varchar(90) NOT NULL,
  `nombre_user` varchar(20) NOT NULL,
  `contrasena` varchar(10) NOT NULL,
  `admin` int(1) DEFAULT NULL,
  PRIMARY KEY (`id_usuario`)
) ENGINE=InnoDB AUTO_INCREMENT=6 DEFAULT CHARSET=latin1;

--
-- Dumping data for table `usuarios`
--

/*!40000 ALTER TABLE `usuarios` DISABLE KEYS */;
INSERT INTO `usuarios` (`id_usuario`,`nombre_com`,`nombre_user`,`contrasena`,`admin`) VALUES 
 (1,'Rolando Castanon Mendez','Rolando','Rolas01',NULL),
 (2,'Daniel Villagomez Lopez','Dany','Dany01',NULL),
 (3,'Edsel Serrano Montiel','Edsel','Edsel10',NULL),
 (4,'Beatriz Vazquez Hernadez ','Betty','Betty88',NULL),
 (5,'Rosa Gonzalez Gallegos','Rosa','Rosa11',NULL);
/*!40000 ALTER TABLE `usuarios` ENABLE KEYS */;




/*!40101 SET SQL_MODE=@OLD_SQL_MODE */;
/*!40014 SET FOREIGN_KEY_CHECKS=@OLD_FOREIGN_KEY_CHECKS */;
/*!40014 SET UNIQUE_CHECKS=@OLD_UNIQUE_CHECKS */;
/*!40101 SET CHARACTER_SET_CLIENT=@OLD_CHARACTER_SET_CLIENT */;
/*!40101 SET CHARACTER_SET_RESULTS=@OLD_CHARACTER_SET_RESULTS */;
/*!40101 SET COLLATION_CONNECTION=@OLD_COLLATION_CONNECTION */;
/*!40101 SET CHARACTER_SET_CLIENT=@OLD_CHARACTER_SET_CLIENT */;
